#Time;Power[W];RoomTemp[C];RoomHumid[%];EnvTemp[C];EnvHumid[%];EnvRadiation[W/m2];Setpoint[C]
16/07/2017 20:47:11;949.5;30.5;40.3;36.8;38.0;91.0;27
16/07/2017 20:47:17;949.85;30.5;40.3;36.8;38.0;91.0;27
16/07/2017 20:47:24;952.43;30.5;40.4;36.8;38.0;91.0;27
16/07/2017 20:47:31;952.22;30.4;40.3;36.8;38.0;91.0;27
16/07/2017 20:47:37;952.5;30.4;40.3;36.8;38.0;91.0;27
16/07/2017 20:47:46;952.57;30.4;40.4;36.8;38.0;91.0;27
16/07/2017 20:47:53;952.5;30.4;40.4;36.8;38.0;91.0;27
16/07/2017 20:47:59;952.22;30.5;40.3;36.8;38.0;91.0;27
16/07/2017 20:48:06;951.43;30.5;40.3;36.8;38.0;91.0;27
16/07/2017 20:48:12;952.07;30.5;40.3;36.8;38.0;91.0;27
16/07/2017 20:48:19;951.86;30.4;40.4;36.8;38.0;91.0;27
16/07/2017 20:48:26;954.79;30.4;40.4;36.8;38.0;91.0;27
16/07/2017 20:48:32;954.22;30.4;40.4;36.8;38.0;91.0;27
16/07/2017 20:48:41;952.5;30.4;40.5;36.8;38.0;91.0;27
16/07/2017 20:48:48;952.79;30.4;40.4;36.8;38.0;91.0;27
16/07/2017 20:48:55;952.79;30.4;40.4;36.8;38.0;91.0;27
16/07/2017 20:49:02;949.64;30.4;40.4;36.8;38.0;91.0;27
16/07/2017 20:49:08;948.5;30.4;40.4;36.8;38.0;91.0;27
16/07/2017 20:49:15;949.07;30.4;40.4;36.8;38.0;91.0;27
16/07/2017 20:49:21;949.85;30.4;40.4;36.8;38.0;91.0;27
16/07/2017 20:49:28;950.36;30.4;40.4;36.8;38.0;91.0;27
16/07/2017 20:49:35;949.85;30.4;40.4;36.8;38.0;91.0;27
16/07/2017 20:49:41;950.36;30.3;40.4;36.8;38.0;91.0;27
16/07/2017 20:49:48;947.57;30.4;40.5;36.8;38.0;91.0;27
16/07/2017 20:49:55;945.63;30.4;40.6;36.8;38.0;91.0;27
16/07/2017 20:50:01;950.78;30.4;40.5;36.8;38.0;91.0;27
16/07/2017 20:50:08;952.29;30.4;40.6;36.8;38.0;91.0;27
16/07/2017 20:50:14;949.93;30.4;40.6;36.8;38.0;91.0;27
16/07/2017 20:50:21;949.14;30.4;40.9;36.8;38.0;91.0;27
16/07/2017 20:50:28;946.42;30.4;40.8;36.8;38.0;91.0;27
16/07/2017 20:50:34;945.35;30.4;40.9;36.8;38.0;91.0;27
16/07/2017 20:50:41;946.99;30.4;40.7;36.8;38.0;91.0;27
16/07/2017 20:50:47;947.35;30.4;40.6;36.8;38.0;91.0;27
16/07/2017 20:50:54;946.85;30.4;40.7;36.8;38.0;91.0;27
16/07/2017 20:51:01;946.49;30.4;40.7;36.8;38.0;91.0;27
16/07/2017 20:51:07;946.92;30.4;40.6;36.8;38.0;91.0;27
16/07/2017 20:51:14;946.21;30.4;40.6;36.8;38.0;91.0;27
16/07/2017 20:51:20;949.0;30.4;40.6;36.8;38.0;91.0;27
16/07/2017 20:51:27;948.07;30.4;40.6;36.8;38.0;91.0;27
16/07/2017 20:51:34;948.57;30.4;40.6;36.8;38.0;91.0;27
16/07/2017 20:51:40;948.07;30.4;40.6;36.8;38.0;91.0;27
16/07/2017 20:51:47;948.14;30.4;40.5;36.7;39.0;79.0;27
16/07/2017 20:51:54;947.28;30.4;40.7;36.7;39.0;79.0;27
16/07/2017 20:52:00;947.07;30.4;40.7;36.7;39.0;79.0;27
16/07/2017 20:52:07;947.07;30.4;40.6;36.7;39.0;79.0;27
16/07/2017 20:52:15;950.36;30.3;40.5;36.7;39.0;79.0;27
16/07/2017 20:52:22;948.5;30.3;40.5;36.7;39.0;79.0;27
16/07/2017 20:52:30;947.71;30.2;40.5;36.7;39.0;79.0;27
16/07/2017 20:52:38;946.06;30.2;40.5;36.7;39.0;79.0;27
16/07/2017 20:52:44;946.64;30.2;40.5;36.7;39.0;79.0;27
16/07/2017 20:52:51;946.64;30.2;40.5;36.7;39.0;79.0;27
16/07/2017 20:52:57;950.57;30.2;40.6;36.7;39.0;79.0;27
16/07/2017 20:53:04;948.92;30.2;40.7;36.7;39.0;79.0;27
16/07/2017 20:53:11;948.64;30.2;40.8;36.7;39.0;79.0;27
16/07/2017 20:53:17;950.21;30.2;40.8;36.7;39.0;79.0;27
16/07/2017 20:53:24;949.93;30.2;40.8;36.7;39.0;79.0;27
16/07/2017 20:53:31;947.71;30.2;41.1;36.7;39.0;79.0;27
16/07/2017 20:53:37;946.42;30.1;41.0;36.7;39.0;79.0;27
16/07/2017 20:53:44;946.49;30.1;40.9;36.7;39.0;79.0;27
16/07/2017 20:53:50;946.92;30.1;40.9;36.7;39.0;79.0;27
16/07/2017 20:53:57;948.07;30.1;41.1;36.7;39.0;79.0;27
16/07/2017 20:54:04;949.93;30.1;41.0;36.7;39.0;79.0;27
16/07/2017 20:54:10;949.14;30.0;41.0;36.7;39.0;79.0;27
16/07/2017 20:54:17;951.36;30.1;41.0;36.7;39.0;79.0;27
16/07/2017 20:54:23;948.21;30.1;41.0;36.7;39.0;79.0;27
16/07/2017 20:54:30;947.85;30.1;41.0;36.7;39.0;79.0;27
16/07/2017 20:54:36;948.57;30.0;41.0;36.7;39.0;79.0;27
16/07/2017 20:54:43;948.07;30.0;41.0;36.7;39.0;79.0;27
16/07/2017 20:54:50;949.71;30.0;41.0;36.7;39.0;79.0;27
16/07/2017 20:54:56;950.78;30.0;41.1;36.7;39.0;79.0;27
16/07/2017 20:55:03;949.57;30.0;41.0;36.7;39.0;79.0;27
16/07/2017 20:55:10;950.21;30.0;41.0;36.7;39.0;79.0;27
16/07/2017 20:55:16;949.78;30.0;40.9;36.7;39.0;79.0;27
16/07/2017 20:55:23;948.64;30.0;40.9;36.7;39.0;79.0;27
16/07/2017 20:55:29;948.64;30.0;40.9;36.7;39.0;79.0;27
16/07/2017 20:55:36;950.28;30.0;40.9;36.7;39.0;79.0;27
16/07/2017 20:55:44;950.43;30.0;40.9;36.7;39.0;79.0;27
16/07/2017 20:55:50;951.07;30.0;40.9;36.7;39.0;79.0;27
16/07/2017 20:55:57;950.71;30.0;40.9;36.7;39.0;79.0;27
16/07/2017 20:56:04;950.86;30.0;40.8;36.7;39.0;79.0;27
16/07/2017 20:56:10;950.86;30.0;40.8;36.7;39.0;79.0;27
16/07/2017 20:56:17;953.07;30.0;40.9;36.7;39.0;79.0;27
16/07/2017 20:56:23;953.14;30.0;40.9;36.7;39.0;79.0;27
16/07/2017 20:56:30;951.64;30.0;40.9;36.7;39.0;79.0;27
16/07/2017 20:56:37;952.0;30.0;40.9;36.7;39.0;79.0;27
16/07/2017 20:56:43;951.07;30.0;40.9;36.6;40.0;69.0;27
16/07/2017 20:56:50;950.36;30.0;40.9;36.6;40.0;69.0;27
16/07/2017 20:56:56;949.43;30.0;40.8;36.6;40.0;69.0;27
16/07/2017 20:57:03;945.42;30.0;40.9;36.6;40.0;69.0;27
16/07/2017 20:57:10;944.35;30.0;40.9;36.6;40.0;69.0;27
16/07/2017 20:57:16;948.92;30.0;40.9;36.6;40.0;69.0;27
16/07/2017 20:57:23;949.35;29.9;40.9;36.6;40.0;69.0;27
16/07/2017 20:57:30;947.57;29.9;41.0;36.6;40.0;69.0;27
16/07/2017 20:57:37;948.5;29.9;40.9;36.6;40.0;69.0;27
16/07/2017 20:57:43;950.86;30.0;40.9;36.6;40.0;69.0;27
16/07/2017 20:57:51;949.85;30.0;40.8;36.6;40.0;69.0;27
16/07/2017 20:57:58;949.57;30.0;40.8;36.6;40.0;69.0;27
16/07/2017 20:58:05;950.0;30.0;40.7;36.6;40.0;69.0;27
16/07/2017 20:58:12;945.56;30.0;40.7;36.6;40.0;69.0;27
16/07/2017 20:58:19;944.13;30.0;40.8;36.6;40.0;69.0;27
16/07/2017 20:58:25;946.21;29.9;40.7;36.6;40.0;69.0;27
16/07/2017 20:58:32;945.56;29.9;40.9;36.6;40.0;69.0;27
16/07/2017 20:58:39;945.78;29.9;40.8;36.6;40.0;69.0;27
16/07/2017 20:58:45;945.85;30.0;40.6;36.6;40.0;69.0;27
16/07/2017 20:58:54;945.71;30.0;40.6;36.6;40.0;69.0;27
16/07/2017 20:59:01;948.85;30.0;40.6;36.6;40.0;69.0;27
16/07/2017 20:59:07;945.99;30.0;40.5;36.6;40.0;69.0;27
16/07/2017 20:59:14;944.06;30.0;40.6;36.6;40.0;69.0;27
16/07/2017 20:59:21;943.77;30.0;40.6;36.6;40.0;69.0;27
16/07/2017 20:59:27;945.99;30.0;40.6;36.6;40.0;69.0;27
16/07/2017 20:59:34;948.35;30.0;40.6;36.6;40.0;69.0;27
16/07/2017 20:59:41;946.06;30.0;40.5;36.6;40.0;69.0;27
16/07/2017 20:59:47;942.13;30.0;40.4;36.6;40.0;69.0;27
16/07/2017 20:59:54;943.49;30.0;40.4;36.6;40.0;69.0;27
16/07/2017 21:00:01;941.84;30.0;40.4;36.6;40.0;69.0;27
16/07/2017 21:00:07;940.7;30.0;40.5;36.6;40.0;69.0;27
16/07/2017 21:00:14;940.13;30.0;40.5;36.6;40.0;69.0;27
16/07/2017 21:00:21;937.19;30.0;40.5;36.6;40.0;69.0;27
16/07/2017 21:00:27;939.63;30.0;40.5;36.6;40.0;69.0;27
16/07/2017 21:00:34;943.35;30.0;40.5;36.6;40.0;69.0;27
16/07/2017 21:00:41;942.92;29.9;40.5;36.6;40.0;69.0;27
16/07/2017 21:00:48;942.92;29.9;40.4;36.6;40.0;69.0;27
16/07/2017 21:00:55;939.63;29.9;40.6;36.6;40.0;69.0;27
16/07/2017 21:01:01;940.34;29.9;40.6;36.6;40.0;69.0;27
16/07/2017 21:01:08;939.05;29.9;40.6;36.6;40.0;69.0;27
16/07/2017 21:01:14;935.91;29.9;40.5;36.6;40.0;69.0;27
16/07/2017 21:01:21;933.4;29.9;40.6;36.6;40.0;69.0;27
16/07/2017 21:01:28;924.39;29.9;40.6;36.6;40.0;69.0;27
16/07/2017 21:01:35;908.08;29.9;40.6;36.6;40.0;69.0;27
16/07/2017 21:01:41;894.57;29.9;40.5;36.6;40.0;69.0;27
16/07/2017 21:01:48;866.96;29.9;40.5;36.6;40.0;69.0;27
16/07/2017 21:01:54;855.15;29.9;40.5;36.3;40.0;56.0;27
16/07/2017 21:02:01;822.32;29.9;40.4;36.3;40.0;56.0;27
16/07/2017 21:02:07;818.1;29.9;40.5;36.3;40.0;56.0;27
16/07/2017 21:02:14;840.42;29.9;40.5;36.3;40.0;56.0;27
16/07/2017 21:02:21;893.71;29.9;40.4;36.3;40.0;56.0;27
16/07/2017 21:02:28;923.82;29.9;40.4;36.3;40.0;56.0;27
16/07/2017 21:02:35;930.11;29.9;40.4;36.3;40.0;56.0;27
16/07/2017 21:02:42;934.26;30.0;40.2;36.3;40.0;56.0;27
16/07/2017 21:02:48;931.69;30.0;40.2;36.3;40.0;56.0;27
16/07/2017 21:02:55;931.4;30.0;40.2;36.3;40.0;56.0;27
16/07/2017 21:03:02;929.54;30.0;40.2;36.3;40.0;56.0;27
16/07/2017 21:03:08;932.26;30.0;40.2;36.3;40.0;56.0;27
16/07/2017 21:03:15;933.62;30.0;40.3;36.3;40.0;56.0;27
16/07/2017 21:03:21;934.48;30.0;40.3;36.3;40.0;56.0;27
16/07/2017 21:03:28;934.26;30.0;40.3;36.3;40.0;56.0;27
16/07/2017 21:03:35;933.33;30.0;40.3;36.3;40.0;56.0;27
16/07/2017 21:03:41;934.41;30.0;40.3;36.3;40.0;56.0;27
16/07/2017 21:03:48;935.26;30.0;40.3;36.3;40.0;56.0;27
16/07/2017 21:03:56;932.9;30.0;40.3;36.3;40.0;56.0;27
16/07/2017 21:04:02;932.12;30.0;40.3;36.3;40.0;56.0;27
16/07/2017 21:04:09;935.48;30.0;40.3;36.3;40.0;56.0;27
16/07/2017 21:04:17;935.26;30.1;40.3;36.3;40.0;56.0;27
16/07/2017 21:04:23;932.4;30.1;40.3;36.3;40.0;56.0;27
16/07/2017 21:04:30;934.05;30.1;40.3;36.3;40.0;56.0;27
16/07/2017 21:04:36;936.48;30.1;40.2;36.3;40.0;56.0;27
16/07/2017 21:04:43;937.62;30.1;40.2;36.3;40.0;56.0;27
16/07/2017 21:04:50;936.55;30.1;40.2;36.3;40.0;56.0;27
16/07/2017 21:04:56;934.41;30.1;40.2;36.3;40.0;56.0;27
16/07/2017 21:05:03;933.26;30.1;40.2;36.3;40.0;56.0;27
16/07/2017 21:05:10;935.33;30.1;40.2;36.3;40.0;56.0;27
16/07/2017 21:05:17;934.05;30.1;40.1;36.3;40.0;56.0;27
16/07/2017 21:05:24;933.83;30.2;40.1;36.3;40.0;56.0;27
16/07/2017 21:05:30;935.26;30.2;40.1;36.3;40.0;56.0;27
16/07/2017 21:05:37;934.55;30.2;40.0;36.3;40.0;56.0;27
16/07/2017 21:05:45;935.69;30.1;40.0;36.3;40.0;56.0;27
16/07/2017 21:05:51;935.69;30.1;40.0;36.3;40.0;56.0;27
16/07/2017 21:05:58;936.19;30.1;40.1;36.3;40.0;56.0;27
16/07/2017 21:06:04;935.19;30.1;40.0;36.3;40.0;56.0;27
16/07/2017 21:06:11;934.91;30.2;39.8;36.3;40.0;56.0;27
16/07/2017 21:06:18;935.62;30.2;39.8;36.3;40.0;56.0;27
16/07/2017 21:06:24;934.26;30.2;40.0;36.3;40.0;56.0;27
16/07/2017 21:06:31;934.41;30.2;40.0;36.3;40.0;56.0;27
16/07/2017 21:06:38;934.98;30.2;40.0;36.3;40.0;56.0;27
16/07/2017 21:06:44;935.26;30.2;40.0;36.2;41.0;46.0;27
16/07/2017 21:06:57;937.84;30.2;39.9;36.2;41.0;46.0;27
16/07/2017 21:07:04;938.63;30.2;39.9;36.2;41.0;46.0;27
16/07/2017 21:07:10;936.48;30.2;40.0;36.2;41.0;46.0;27
16/07/2017 21:07:17;938.7;30.2;40.0;36.2;41.0;46.0;27
16/07/2017 21:07:24;936.26;30.1;40.0;36.2;41.0;46.0;27
16/07/2017 21:07:30;936.48;30.2;40.0;36.2;41.0;46.0;27
16/07/2017 21:07:37;935.55;30.2;40.0;36.2;41.0;46.0;27
16/07/2017 21:07:44;937.41;30.2;39.9;36.2;41.0;46.0;27
16/07/2017 21:07:51;937.41;30.2;40.0;36.2;41.0;46.0;27
16/07/2017 21:07:58;935.48;30.1;39.9;36.2;41.0;46.0;27
16/07/2017 21:08:04;934.48;30.1;39.9;36.2;41.0;46.0;27
16/07/2017 21:08:11;933.12;30.1;39.9;36.2;41.0;46.0;27
16/07/2017 21:08:17;932.9;30.1;39.9;36.2;41.0;46.0;27
16/07/2017 21:08:24;932.69;30.1;39.9;36.2;41.0;46.0;27
16/07/2017 21:08:31;932.4;30.1;39.9;36.2;41.0;46.0;27
16/07/2017 21:08:37;933.83;30.1;39.9;36.2;41.0;46.0;27
16/07/2017 21:08:44;933.55;30.1;39.9;36.2;41.0;46.0;27
16/07/2017 21:08:51;934.33;30.1;39.9;36.2;41.0;46.0;27
16/07/2017 21:08:57;934.83;30.1;39.9;36.2;41.0;46.0;27
16/07/2017 21:09:04;934.41;30.0;39.9;36.2;41.0;46.0;27
16/07/2017 21:09:10;933.9;30.0;39.9;36.2;41.0;46.0;27
16/07/2017 21:09:17;934.76;30.0;39.9;36.2;41.0;46.0;27
16/07/2017 21:09:24;933.98;30.0;40.0;36.2;41.0;46.0;27
16/07/2017 21:09:31;932.83;30.0;40.0;36.2;41.0;46.0;27
16/07/2017 21:09:38;934.05;30.0;40.0;36.2;41.0;46.0;27
16/07/2017 21:09:45;933.33;30.0;40.0;36.2;41.0;46.0;27
16/07/2017 21:09:51;931.4;30.0;40.0;36.2;41.0;46.0;27
16/07/2017 21:09:58;930.61;30.0;40.0;36.2;41.0;46.0;27
16/07/2017 21:10:05;931.97;30.0;40.0;36.2;41.0;46.0;27
16/07/2017 21:10:12;930.97;30.0;40.0;36.2;41.0;46.0;27
16/07/2017 21:10:19;930.76;30.0;40.0;36.2;41.0;46.0;27
16/07/2017 21:10:25;931.26;30.0;39.9;36.2;41.0;46.0;27
16/07/2017 21:10:32;931.9;30.0;39.9;36.2;41.0;46.0;27
16/07/2017 21:10:39;933.12;30.0;39.9;36.2;41.0;46.0;27
16/07/2017 21:10:46;932.55;30.0;39.9;36.2;41.0;46.0;27
16/07/2017 21:10:53;933.76;30.0;39.9;36.2;41.0;46.0;27
16/07/2017 21:10:59;934.91;30.1;39.8;36.2;41.0;46.0;27
16/07/2017 21:11:06;932.76;30.1;39.8;36.2;41.0;46.0;27
16/07/2017 21:11:13;933.33;30.0;39.9;36.2;41.0;46.0;27
16/07/2017 21:11:19;930.83;30.0;39.9;36.2;41.0;46.0;27
16/07/2017 21:11:26;931.04;30.0;39.9;36.2;41.0;46.0;27
16/07/2017 21:11:33;931.69;30.0;39.8;36.2;41.0;46.0;27
16/07/2017 21:11:39;933.33;30.0;39.8;36.2;41.0;46.0;27
16/07/2017 21:11:46;934.62;30.0;39.8;36.1;41.0;37.0;27
16/07/2017 21:11:52;931.19;30.0;39.8;36.1;41.0;37.0;27
16/07/2017 21:11:59;934.48;30.0;39.9;36.1;41.0;37.0;27
16/07/2017 21:12:06;933.98;30.0;39.8;36.1;41.0;37.0;27
16/07/2017 21:12:12;934.76;30.0;39.9;36.1;41.0;37.0;27
16/07/2017 21:12:19;932.62;30.0;39.8;36.1;41.0;37.0;27
16/07/2017 21:12:26;931.54;30.0;39.8;36.1;41.0;37.0;27
16/07/2017 21:12:33;932.12;30.0;39.8;36.1;41.0;37.0;27
16/07/2017 21:12:39;930.61;30.1;39.8;36.1;41.0;37.0;27
16/07/2017 21:12:46;930.11;30.1;39.8;36.1;41.0;37.0;27
16/07/2017 21:12:53;929.76;30.1;39.7;36.1;41.0;37.0;27
16/07/2017 21:12:59;929.97;30.1;39.7;36.1;41.0;37.0;27
16/07/2017 21:13:06;930.69;30.1;39.6;36.1;41.0;37.0;27
16/07/2017 21:13:13;928.83;30.1;39.6;36.1;41.0;37.0;27
16/07/2017 21:13:19;929.54;30.0;39.6;36.1;41.0;37.0;27
16/07/2017 21:13:26;931.76;30.0;39.6;36.1;41.0;37.0;27
16/07/2017 21:13:32;930.9;30.0;39.6;36.1;41.0;37.0;27
16/07/2017 21:13:39;927.54;30.0;39.7;36.1;41.0;37.0;27
16/07/2017 21:13:46;929.54;30.0;39.7;36.1;41.0;37.0;27
16/07/2017 21:13:52;932.4;30.0;39.7;36.1;41.0;37.0;27
16/07/2017 21:14:00;926.54;30.0;39.8;36.1;41.0;37.0;27
16/07/2017 21:14:07;928.97;30.0;39.8;36.1;41.0;37.0;27
16/07/2017 21:14:13;933.19;30.0;39.8;36.1;41.0;37.0;27
16/07/2017 21:14:20;932.97;30.0;39.8;36.1;41.0;37.0;27
16/07/2017 21:14:26;932.26;30.0;39.7;36.1;41.0;37.0;27
16/07/2017 21:14:33;932.26;30.0;39.7;36.1;41.0;37.0;27
16/07/2017 21:14:40;927.68;30.0;39.8;36.1;41.0;37.0;27
16/07/2017 21:14:46;927.4;30.0;39.8;36.1;41.0;37.0;27
16/07/2017 21:14:53;928.47;30.0;39.8;36.1;41.0;37.0;27
16/07/2017 21:14:59;929.76;29.9;39.8;36.1;41.0;37.0;27
16/07/2017 21:15:06;928.9;29.9;39.8;36.1;41.0;37.0;27
16/07/2017 21:15:12;926.68;29.9;39.8;36.1;41.0;37.0;27
16/07/2017 21:15:19;925.54;29.9;39.9;36.1;41.0;37.0;27
16/07/2017 21:15:26;926.54;29.8;39.9;36.1;41.0;37.0;27
16/07/2017 21:15:32;929.04;29.8;39.9;36.1;41.0;37.0;27
16/07/2017 21:15:39;926.54;29.8;39.9;36.1;41.0;37.0;27
16/07/2017 21:15:47;925.61;29.8;39.9;36.1;41.0;37.0;27
16/07/2017 21:15:53;925.04;29.8;39.9;36.1;41.0;37.0;27
16/07/2017 21:16:00;923.82;29.8;39.9;36.1;41.0;37.0;27
16/07/2017 21:16:07;923.53;29.8;40.0;36.1;41.0;37.0;27
16/07/2017 21:16:13;924.61;29.8;40.0;36.1;41.0;37.0;27
16/07/2017 21:16:31;926.11;29.7;40.1;36.1;41.0;37.0;27
16/07/2017 21:16:38;925.82;29.7;40.1;36.1;41.0;37.0;27
16/07/2017 21:16:44;925.25;29.7;40.1;35.9;42.0;30.0;27
16/07/2017 21:16:51;925.18;29.7;40.1;35.9;42.0;30.0;27
16/07/2017 21:16:57;924.89;29.7;40.1;35.9;42.0;30.0;27
16/07/2017 21:17:04;925.82;29.7;40.1;35.9;42.0;30.0;27
16/07/2017 21:17:11;926.04;29.7;40.0;35.9;42.0;30.0;27
16/07/2017 21:17:17;924.89;29.8;40.0;35.9;42.0;30.0;27
16/07/2017 21:17:24;925.25;29.7;39.9;35.9;42.0;30.0;27
16/07/2017 21:17:32;924.82;29.7;40.0;35.9;42.0;30.0;27
16/07/2017 21:17:38;926.04;29.7;40.0;35.9;42.0;30.0;27
16/07/2017 21:17:45;926.39;29.7;39.9;35.9;42.0;30.0;27
16/07/2017 21:17:52;927.04;29.7;39.9;35.9;42.0;30.0;27
16/07/2017 21:17:58;926.61;29.7;39.9;35.9;42.0;30.0;27
16/07/2017 21:18:05;925.89;29.7;39.9;35.9;42.0;30.0;27
16/07/2017 21:18:11;925.68;29.7;39.9;35.9;42.0;30.0;27
16/07/2017 21:18:18;923.96;29.7;40.0;35.9;42.0;30.0;27
16/07/2017 21:18:25;923.53;29.7;40.0;35.9;42.0;30.0;27
16/07/2017 21:18:31;925.46;29.7;40.0;35.9;42.0;30.0;27
16/07/2017 21:18:38;927.47;29.7;40.0;35.9;42.0;30.0;27
16/07/2017 21:18:44;927.04;29.7;40.0;35.9;42.0;30.0;27
16/07/2017 21:18:51;925.82;29.7;40.0;35.9;42.0;30.0;27
16/07/2017 21:18:58;925.39;29.7;40.0;35.9;42.0;30.0;27
16/07/2017 21:19:04;925.97;29.7;40.0;35.9;42.0;30.0;27
16/07/2017 21:19:11;926.75;29.7;40.0;35.9;42.0;30.0;27
16/07/2017 21:19:18;926.04;29.7;40.0;35.9;42.0;30.0;27
16/07/2017 21:19:24;924.32;29.7;40.0;35.9;42.0;30.0;27
16/07/2017 21:19:31;924.75;29.7;40.0;35.9;42.0;30.0;27
16/07/2017 21:19:37;923.46;29.7;40.1;35.9;42.0;30.0;27
16/07/2017 21:19:44;921.24;29.7;40.0;35.9;42.0;30.0;27
16/07/2017 21:19:51;921.89;29.7;40.0;35.9;42.0;30.0;27
16/07/2017 21:19:57;921.6;29.7;40.0;35.9;42.0;30.0;27
16/07/2017 21:20:04;921.82;29.7;40.0;35.9;42.0;30.0;27
16/07/2017 21:20:11;920.96;29.8;40.0;35.9;42.0;30.0;27
16/07/2017 21:20:17;922.53;29.8;39.9;35.9;42.0;30.0;27
16/07/2017 21:20:24;922.32;29.9;39.8;35.9;42.0;30.0;27
16/07/2017 21:20:30;925.68;29.9;39.7;35.9;42.0;30.0;27
16/07/2017 21:20:37;925.82;29.9;39.7;35.9;42.0;30.0;27
16/07/2017 21:20:43;925.32;29.9;39.7;35.9;42.0;30.0;27
16/07/2017 21:20:50;924.82;29.9;39.7;35.9;42.0;30.0;27
16/07/2017 21:20:56;926.68;29.9;39.7;35.9;42.0;30.0;27
16/07/2017 21:21:03;924.39;29.9;39.6;35.9;42.0;30.0;27
16/07/2017 21:21:10;924.68;29.9;39.6;35.9;42.0;30.0;27
16/07/2017 21:21:16;925.04;29.9;39.6;35.9;42.0;30.0;27
16/07/2017 21:21:23;924.89;29.9;39.6;35.9;42.0;30.0;27
16/07/2017 21:21:29;922.32;29.9;39.6;35.9;42.0;30.0;27
16/07/2017 21:21:36;922.32;29.9;39.5;35.9;42.0;30.0;27
16/07/2017 21:21:43;925.39;29.9;39.5;35.8;42.0;23.0;27
16/07/2017 21:21:49;925.61;29.9;39.6;35.8;42.0;23.0;27
16/07/2017 21:21:56;924.61;29.9;39.6;35.8;42.0;23.0;27
16/07/2017 21:22:02;924.39;29.9;39.6;35.8;42.0;23.0;27
16/07/2017 21:22:09;924.39;29.9;39.6;35.8;42.0;23.0;27
16/07/2017 21:22:17;925.61;29.9;39.6;35.8;42.0;23.0;27
16/07/2017 21:22:23;926.18;29.9;39.6;35.8;42.0;23.0;27
16/07/2017 21:22:30;924.96;29.9;39.6;35.8;42.0;23.0;27
16/07/2017 21:22:36;923.39;29.9;39.6;35.8;42.0;23.0;27
16/07/2017 21:22:43;923.53;29.9;39.6;35.8;42.0;23.0;27
16/07/2017 21:22:50;921.89;29.9;39.6;35.8;42.0;23.0;27
16/07/2017 21:22:56;922.6;29.9;39.6;35.8;42.0;23.0;27
16/07/2017 21:23:03;922.6;29.9;39.5;35.8;42.0;23.0;27
16/07/2017 21:23:09;923.39;29.9;39.5;35.8;42.0;23.0;27
16/07/2017 21:23:16;923.53;29.9;39.5;35.8;42.0;23.0;27
16/07/2017 21:23:23;921.89;29.9;39.5;35.8;42.0;23.0;27
16/07/2017 21:23:29;921.82;29.9;39.5;35.8;42.0;23.0;27
16/07/2017 21:23:36;920.82;29.9;39.4;35.8;42.0;23.0;27
16/07/2017 21:23:45;921.39;29.9;39.5;35.8;42.0;23.0;27
16/07/2017 21:23:51;921.32;29.9;39.5;35.8;42.0;23.0;27
16/07/2017 21:23:58;921.24;29.9;39.5;35.8;42.0;23.0;27
16/07/2017 21:24:04;921.17;29.9;39.5;35.8;42.0;23.0;27
16/07/2017 21:24:12;921.39;29.9;39.5;35.8;42.0;23.0;27
16/07/2017 21:24:19;921.82;29.9;39.5;35.8;42.0;23.0;27
16/07/2017 21:24:25;922.46;29.9;39.5;35.8;42.0;23.0;27
16/07/2017 21:24:32;922.75;29.9;39.5;35.8;42.0;23.0;27
16/07/2017 21:24:39;921.82;29.9;39.4;35.8;42.0;23.0;27
16/07/2017 21:24:45;922.6;29.9;39.4;35.8;42.0;23.0;27
16/07/2017 21:25:02;922.32;29.9;39.3;35.8;42.0;23.0;27
16/07/2017 21:25:09;921.75;29.9;39.3;35.8;42.0;23.0;27
16/07/2017 21:25:15;922.1;29.9;39.3;35.8;42.0;23.0;27
16/07/2017 21:25:22;920.46;29.9;39.3;35.8;42.0;23.0;27
16/07/2017 21:25:28;918.88;29.9;39.3;35.8;42.0;23.0;27
16/07/2017 21:25:35;918.96;29.9;39.4;35.8;42.0;23.0;27
16/07/2017 21:25:42;916.45;29.9;39.4;35.8;42.0;23.0;27
16/07/2017 21:25:48;917.38;29.9;39.4;35.8;42.0;23.0;27
16/07/2017 21:25:55;916.31;29.9;39.4;35.8;42.0;23.0;27
16/07/2017 21:26:02;918.24;29.9;39.4;35.8;42.0;23.0;27
16/07/2017 21:26:08;918.88;29.8;39.5;35.8;42.0;23.0;27
16/07/2017 21:26:15;919.46;29.8;39.4;35.8;42.0;23.0;27
16/07/2017 21:26:22;920.6;29.8;39.4;35.8;42.0;23.0;27
16/07/2017 21:26:28;920.46;29.8;39.4;35.8;42.0;23.0;27
16/07/2017 21:26:35;920.39;29.8;39.5;35.8;42.0;23.0;27
16/07/2017 21:26:41;919.38;29.8;39.5;35.8;42.0;23.0;27
16/07/2017 21:26:48;904.72;29.8;39.5;35.6;43.0;16.0;27
16/07/2017 21:26:56;879.04;29.9;39.5;35.6;43.0;16.0;27
16/07/2017 21:27:04;853.72;29.9;39.5;35.6;43.0;16.0;27
16/07/2017 21:27:10;831.05;29.9;39.5;35.6;43.0;16.0;27
16/07/2017 21:27:17;810.81;29.9;39.5;35.6;43.0;16.0;27
16/07/2017 21:27:23;779.84;29.9;39.4;35.6;43.0;16.0;27
16/07/2017 21:27:30;757.95;29.9;39.3;35.6;43.0;16.0;27
16/07/2017 21:27:37;737.5;29.9;39.3;35.6;43.0;16.0;27
16/07/2017 21:27:43;723.55;29.9;39.3;35.6;43.0;16.0;27
16/07/2017 21:27:50;703.88;29.9;39.3;35.6;43.0;16.0;27
16/07/2017 21:27:56;679.77;29.9;39.3;35.6;43.0;16.0;27
16/07/2017 21:28:03;662.25;29.9;39.3;35.6;43.0;16.0;27
16/07/2017 21:28:10;656.96;29.9;39.3;35.6;43.0;16.0;27
16/07/2017 21:28:16;637.14;29.9;39.3;35.6;43.0;16.0;27
16/07/2017 21:28:24;647.95;29.9;39.3;35.6;43.0;16.0;27
16/07/2017 21:28:30;702.16;29.9;39.3;35.6;43.0;16.0;27
16/07/2017 21:28:37;714.03;29.9;39.3;35.6;43.0;16.0;27
16/07/2017 21:28:44;758.02;29.9;39.3;35.6;43.0;16.0;27
16/07/2017 21:28:50;790.07;29.9;39.3;35.6;43.0;16.0;27
16/07/2017 21:28:57;835.84;29.9;39.4;35.6;43.0;16.0;27
16/07/2017 21:29:04;849.58;29.9;39.4;35.6;43.0;16.0;27
16/07/2017 21:29:10;892.99;30.0;39.5;35.6;43.0;16.0;27
16/07/2017 21:29:17;898.0;29.9;39.5;35.6;43.0;16.0;27
16/07/2017 21:29:23;901.93;30.0;39.5;35.6;43.0;16.0;27
16/07/2017 21:29:30;902.36;30.0;39.5;35.6;43.0;16.0;27
16/07/2017 21:29:37;901.57;30.0;39.5;35.6;43.0;16.0;27
16/07/2017 21:29:43;904.29;30.0;39.6;35.6;43.0;16.0;27
16/07/2017 21:29:50;905.79;30.0;39.6;35.6;43.0;16.0;27
16/07/2017 21:29:57;908.51;29.9;39.6;35.6;43.0;16.0;27
16/07/2017 21:30:03;904.58;29.9;39.6;35.6;43.0;16.0;27
16/07/2017 21:30:10;905.29;29.9;39.6;35.6;43.0;16.0;27
16/07/2017 21:30:16;908.58;29.9;39.6;35.6;43.0;16.0;27
16/07/2017 21:30:23;907.94;29.9;39.6;35.6;43.0;16.0;27
16/07/2017 21:30:30;906.37;29.9;39.7;35.6;43.0;16.0;27
16/07/2017 21:30:36;902.43;29.9;39.7;35.6;43.0;16.0;27
16/07/2017 21:30:43;885.27;29.9;39.7;35.6;43.0;16.0;27
16/07/2017 21:30:49;864.88;29.9;39.6;35.6;43.0;16.0;27
16/07/2017 21:30:56;850.29;29.9;39.7;35.6;43.0;16.0;27
16/07/2017 21:31:03;822.83;29.9;39.7;35.6;43.0;16.0;27
16/07/2017 21:31:09;801.51;29.9;39.7;35.6;43.0;16.0;27
16/07/2017 21:31:16;781.91;29.9;39.6;35.6;43.0;16.0;27
16/07/2017 21:31:22;764.96;29.9;39.6;35.6;43.0;16.0;27
16/07/2017 21:31:29;731.42;29.9;39.6;35.6;43.0;16.0;27
16/07/2017 21:31:36;716.04;29.9;39.5;35.6;43.0;16.0;27
16/07/2017 21:31:42;705.02;29.9;39.5;35.6;43.0;16.0;27
16/07/2017 21:31:49;681.28;29.9;39.4;35.5;42.0;12.0;27
16/07/2017 21:31:56;668.04;29.9;39.4;35.5;42.0;12.0;27
16/07/2017 21:32:02;651.59;29.9;39.4;35.5;42.0;12.0;27
16/07/2017 21:32:09;628.13;29.9;39.4;35.5;42.0;12.0;27
16/07/2017 21:32:16;608.11;29.9;39.4;35.5;42.0;12.0;27
16/07/2017 21:32:22;590.37;30.0;39.4;35.5;42.0;12.0;27
16/07/2017 21:32:29;587.29;30.0;39.4;35.5;42.0;12.0;27
16/07/2017 21:32:35;582.79;30.0;39.4;35.5;42.0;12.0;27
16/07/2017 21:32:42;584.29;30.1;39.4;35.5;42.0;12.0;27
16/07/2017 21:32:49;585.07;30.1;39.4;35.5;42.0;12.0;27
16/07/2017 21:32:55;586.29;30.2;39.3;35.5;42.0;12.0;27
16/07/2017 21:33:02;593.73;30.2;39.2;35.5;42.0;12.0;27
16/07/2017 21:33:09;662.75;30.2;39.2;35.5;42.0;12.0;27
16/07/2017 21:33:15;692.51;30.2;39.2;35.5;42.0;12.0;27
16/07/2017 21:33:22;714.46;30.2;39.2;35.5;42.0;12.0;27
16/07/2017 21:33:28;742.65;30.2;39.4;35.5;42.0;12.0;27
16/07/2017 21:33:36;786.56;30.2;39.4;35.5;42.0;12.0;27
16/07/2017 21:33:43;820.18;30.2;39.5;35.5;42.0;12.0;27
16/07/2017 21:33:49;849.43;30.2;39.5;35.5;42.0;12.0;27
16/07/2017 21:33:56;883.55;30.1;39.5;35.5;42.0;12.0;27
16/07/2017 21:34:03;889.56;30.1;39.5;35.5;42.0;12.0;27
16/07/2017 21:34:09;889.56;30.1;39.5;35.5;42.0;12.0;27
16/07/2017 21:34:16;891.13;30.1;39.5;35.5;42.0;12.0;27
16/07/2017 21:34:22;890.42;30.0;39.5;35.5;42.0;12.0;27
16/07/2017 21:34:29;892.28;30.0;39.6;35.5;42.0;12.0;27
16/07/2017 21:34:35;893.06;30.0;39.5;35.5;42.0;12.0;27
16/07/2017 21:34:42;896.21;30.0;39.5;35.5;42.0;12.0;27
16/07/2017 21:34:49;899.5;30.0;39.5;35.5;42.0;12.0;27
16/07/2017 21:34:55;903.72;29.9;39.6;35.5;42.0;12.0;27
16/07/2017 21:35:02;903.22;29.9;39.6;35.5;42.0;12.0;27
16/07/2017 21:35:09;905.37;29.9;39.6;35.5;42.0;12.0;27
16/07/2017 21:35:15;905.65;29.9;39.6;35.5;42.0;12.0;27
16/07/2017 21:35:22;906.65;29.9;39.7;35.5;42.0;12.0;27
16/07/2017 21:35:28;910.01;29.8;39.7;35.5;42.0;12.0;27
16/07/2017 21:35:35;905.58;29.8;39.7;35.5;42.0;12.0;27
16/07/2017 21:35:42;900.0;29.8;39.7;35.5;42.0;12.0;27
16/07/2017 21:35:48;882.55;29.8;39.7;35.5;42.0;12.0;27
16/07/2017 21:35:55;884.62;29.8;39.7;35.5;42.0;12.0;27
16/07/2017 21:36:02;898.14;29.8;39.7;35.5;42.0;12.0;27
16/07/2017 21:36:08;904.72;29.8;39.7;35.5;42.0;12.0;27
16/07/2017 21:36:15;900.79;29.8;39.7;35.5;42.0;12.0;27
16/07/2017 21:36:22;897.57;29.8;39.7;35.5;42.0;12.0;27
16/07/2017 21:36:28;889.84;29.8;39.7;35.5;42.0;12.0;27
16/07/2017 21:36:35;881.33;29.8;39.7;35.5;42.0;12.0;27
16/07/2017 21:36:42;897.86;29.8;39.7;35.5;42.0;12.0;27
16/07/2017 21:36:49;901.22;29.8;39.7;35.4;41.0;7.0;27
16/07/2017 21:36:56;905.51;29.8;39.7;35.4;41.0;7.0;27
16/07/2017 21:37:03;901.36;29.9;39.7;35.4;41.0;7.0;27
16/07/2017 21:37:10;905.72;29.8;39.6;35.4;41.0;7.0;27
16/07/2017 21:37:16;907.15;29.8;39.6;35.4;41.0;7.0;27
16/07/2017 21:37:23;902.22;29.8;39.6;35.4;41.0;7.0;27
16/07/2017 21:37:30;884.55;29.8;39.7;35.4;41.0;7.0;27
16/07/2017 21:37:36;872.32;29.8;39.7;35.4;41.0;7.0;27
16/07/2017 21:37:43;882.55;29.8;39.7;35.4;41.0;7.0;27
16/07/2017 21:37:49;880.05;29.8;39.7;35.4;41.0;7.0;27
16/07/2017 21:37:56;848.15;29.8;39.7;35.4;41.0;7.0;27
16/07/2017 21:38:03;819.18;29.8;39.7;35.4;41.0;7.0;27
16/07/2017 21:38:09;803.37;29.8;39.8;35.4;41.0;7.0;27
16/07/2017 21:38:17;780.77;29.8;39.7;35.4;41.0;7.0;27
16/07/2017 21:38:24;754.59;29.8;39.7;35.4;41.0;7.0;27
16/07/2017 21:38:31;734.71;29.9;39.5;35.4;41.0;7.0;27
16/07/2017 21:38:37;718.76;29.8;39.5;35.4;41.0;7.0;27
16/07/2017 21:38:44;701.3;29.8;39.5;35.4;41.0;7.0;27
16/07/2017 21:38:50;676.27;29.9;39.5;35.4;41.0;7.0;27
16/07/2017 21:38:58;663.47;29.9;39.4;35.4;41.0;7.0;27
16/07/2017 21:39:05;668.76;29.9;39.4;35.4;41.0;7.0;27
16/07/2017 21:39:11;695.37;29.9;39.4;35.4;41.0;7.0;27
16/07/2017 21:39:18;724.76;29.9;39.4;35.4;41.0;7.0;27
16/07/2017 21:39:24;754.38;29.9;39.4;35.4;41.0;7.0;27
16/07/2017 21:39:31;787.13;29.9;39.4;35.4;41.0;7.0;27
16/07/2017 21:39:38;815.24;29.9;39.4;35.4;41.0;7.0;27
16/07/2017 21:39:44;837.63;29.9;39.4;35.4;41.0;7.0;27
16/07/2017 21:39:51;894.28;29.9;39.5;35.4;41.0;7.0;27
16/07/2017 21:39:57;894.28;29.9;39.5;35.4;41.0;7.0;27
16/07/2017 21:40:04;893.13;29.9;39.5;35.4;41.0;7.0;27
16/07/2017 21:40:11;893.85;29.9;39.4;35.4;41.0;7.0;27
16/07/2017 21:40:18;894.57;29.9;39.4;35.4;41.0;7.0;27
16/07/2017 21:40:25;894.06;29.8;39.4;35.4;41.0;7.0;27
16/07/2017 21:40:31;894.92;29.8;39.4;35.4;41.0;7.0;27
16/07/2017 21:40:38;897.14;29.8;39.4;35.4;41.0;7.0;27
16/07/2017 21:40:45;897.5;29.8;39.4;35.4;41.0;7.0;27
16/07/2017 21:40:52;899.21;29.7;39.4;35.4;41.0;7.0;27
16/07/2017 21:40:59;900.43;29.7;39.4;35.4;41.0;7.0;27
16/07/2017 21:41:05;901.72;29.7;39.5;35.4;41.0;7.0;27
16/07/2017 21:41:12;901.0;29.7;39.5;35.4;41.0;7.0;27
16/07/2017 21:41:19;901.93;29.7;39.6;35.4;41.0;7.0;27
16/07/2017 21:41:26;901.29;29.7;39.6;35.4;41.0;7.0;27
16/07/2017 21:41:32;900.64;29.7;39.6;35.4;41.0;7.0;27
16/07/2017 21:41:39;900.5;29.7;39.5;35.4;41.0;7.0;27
16/07/2017 21:41:46;901.79;29.7;39.5;35.2;40.0;0.0;27
16/07/2017 21:41:52;898.5;29.7;39.5;35.2;40.0;0.0;27
16/07/2017 21:41:59;894.35;29.7;39.5;35.2;40.0;0.0;27
16/07/2017 21:42:06;868.89;29.7;39.5;35.2;40.0;0.0;27
16/07/2017 21:42:12;848.79;29.7;39.6;35.2;40.0;0.0;27
16/07/2017 21:42:20;841.35;29.7;39.6;35.2;40.0;0.0;27
16/07/2017 21:42:26;800.29;29.7;39.6;35.2;40.0;0.0;27
16/07/2017 21:42:33;778.69;29.7;39.6;35.2;40.0;0.0;27
16/07/2017 21:42:40;768.47;29.8;39.5;35.2;40.0;0.0;27
16/07/2017 21:42:46;769.18;29.8;39.5;35.2;40.0;0.0;27
16/07/2017 21:42:53;771.04;29.8;39.3;35.2;40.0;0.0;27
16/07/2017 21:43:00;775.62;29.8;39.2;35.2;40.0;0.0;27
16/07/2017 21:43:07;776.76;29.8;39.2;35.2;40.0;0.0;27
16/07/2017 21:43:13;776.69;29.8;39.3;35.2;40.0;0.0;27
16/07/2017 21:43:20;776.83;29.8;39.4;35.2;40.0;0.0;27
16/07/2017 21:43:26;776.91;29.8;39.4;35.2;40.0;0.0;27
16/07/2017 21:43:33;775.4;29.8;39.5;35.2;40.0;0.0;27
16/07/2017 21:43:40;775.55;29.8;39.5;35.2;40.0;0.0;27
16/07/2017 21:43:46;773.83;29.8;39.5;35.2;40.0;0.0;27
16/07/2017 21:43:53;772.61;29.7;39.6;35.2;40.0;0.0;27
16/07/2017 21:43:59;772.47;29.7;39.6;35.2;40.0;0.0;27
16/07/2017 21:44:06;771.47;29.7;39.6;35.2;40.0;0.0;27
16/07/2017 21:44:13;771.54;29.7;39.7;35.2;40.0;0.0;27
16/07/2017 21:44:19;771.04;29.6;39.7;35.2;40.0;0.0;27
16/07/2017 21:44:27;771.54;29.6;39.6;35.2;40.0;0.0;27
16/07/2017 21:44:33;771.97;29.6;39.7;35.2;40.0;0.0;27
16/07/2017 21:44:41;770.33;29.6;39.7;35.2;40.0;0.0;27
16/07/2017 21:44:48;770.25;29.6;39.8;35.2;40.0;0.0;27
16/07/2017 21:44:54;771.26;29.5;39.9;35.2;40.0;0.0;27
16/07/2017 21:45:02;770.47;29.5;39.9;35.2;40.0;0.0;27
16/07/2017 21:45:09;771.04;29.5;40.0;35.2;40.0;0.0;27
16/07/2017 21:45:15;769.4;29.5;40.0;35.2;40.0;0.0;27
16/07/2017 21:45:22;771.33;29.5;40.0;35.2;40.0;0.0;27
16/07/2017 21:45:28;771.18;29.5;40.0;35.2;40.0;0.0;27
16/07/2017 21:45:35;772.9;29.5;40.0;35.2;40.0;0.0;27
16/07/2017 21:45:42;774.04;29.4;40.0;35.2;40.0;0.0;27
16/07/2017 21:45:48;773.33;29.5;40.1;35.2;40.0;0.0;27
16/07/2017 21:45:55;772.04;29.5;40.1;35.2;40.0;0.0;27
16/07/2017 21:46:02;771.4;29.5;40.1;35.2;40.0;0.0;27
16/07/2017 21:46:08;773.11;29.5;40.1;35.2;40.0;0.0;27
16/07/2017 21:46:15;772.9;29.5;40.1;35.2;40.0;0.0;27
16/07/2017 21:46:21;771.97;29.5;40.1;35.2;40.0;0.0;27
16/07/2017 21:46:28;772.47;29.5;40.1;35.2;40.0;0.0;27
16/07/2017 21:46:35;772.26;29.4;40.1;35.2;40.0;0.0;27
16/07/2017 21:46:41;773.26;29.5;40.1;35.2;40.0;0.0;27
16/07/2017 21:46:48;772.26;29.5;40.2;35.1;40.0;0.0;27
16/07/2017 21:46:55;773.04;29.5;40.3;35.1;40.0;0.0;27
16/07/2017 21:47:01;772.97;29.5;40.4;35.1;40.0;0.0;27
16/07/2017 21:47:08;772.76;29.5;40.4;35.1;40.0;0.0;27
16/07/2017 21:47:14;774.69;29.5;40.4;35.1;40.0;0.0;27
16/07/2017 21:47:21;774.76;29.5;40.4;35.1;40.0;0.0;27
16/07/2017 21:47:28;775.69;29.5;40.4;35.1;40.0;0.0;27
16/07/2017 21:47:34;775.4;29.6;40.5;35.1;40.0;0.0;27
16/07/2017 21:47:41;772.9;29.6;40.6;35.1;40.0;0.0;27
16/07/2017 21:47:48;773.54;29.6;40.6;35.1;40.0;0.0;27
16/07/2017 21:47:54;774.83;29.6;41.1;35.1;40.0;0.0;27
16/07/2017 21:48:01;773.54;29.7;41.2;35.1;40.0;0.0;27
16/07/2017 21:48:08;774.9;29.7;41.3;35.1;40.0;0.0;27
16/07/2017 21:48:14;775.12;29.7;41.5;35.1;40.0;0.0;27
16/07/2017 21:48:21;776.12;29.8;41.6;35.1;40.0;0.0;27
16/07/2017 21:48:28;776.05;29.8;41.6;35.1;40.0;0.0;27
16/07/2017 21:48:35;776.33;29.8;42.0;35.1;40.0;0.0;27
16/07/2017 21:48:42;775.26;29.8;42.0;35.1;40.0;0.0;27
16/07/2017 21:48:48;775.4;29.9;42.3;35.1;40.0;0.0;27
16/07/2017 21:48:55;774.9;29.9;42.6;35.1;40.0;0.0;27
16/07/2017 21:49:02;775.48;29.9;42.9;35.1;40.0;0.0;27
16/07/2017 21:49:09;776.48;29.9;42.9;35.1;40.0;0.0;27
16/07/2017 21:49:15;777.33;29.9;43.0;35.1;40.0;0.0;27
16/07/2017 21:49:22;776.62;29.9;43.0;35.1;40.0;0.0;27
16/07/2017 21:49:28;776.55;30.0;43.0;35.1;40.0;0.0;27
16/07/2017 21:49:35;778.34;30.0;43.0;35.1;40.0;0.0;27
16/07/2017 21:49:42;777.55;30.0;43.1;35.1;40.0;0.0;27
16/07/2017 21:49:48;777.48;30.0;43.1;35.1;40.0;0.0;27
16/07/2017 21:49:55;778.69;30.0;43.4;35.1;40.0;0.0;27
16/07/2017 21:50:02;778.69;30.0;43.4;35.1;40.0;0.0;27
16/07/2017 21:50:08;778.34;30.1;43.4;35.1;40.0;0.0;27
16/07/2017 21:50:15;780.63;30.1;43.4;35.1;40.0;0.0;27
16/07/2017 21:50:22;781.27;30.1;43.3;35.1;40.0;0.0;27
16/07/2017 21:50:28;779.84;30.1;43.3;35.1;40.0;0.0;27
16/07/2017 21:50:36;780.05;30.2;43.2;35.1;40.0;0.0;27
16/07/2017 21:50:42;779.48;30.2;43.2;35.1;40.0;0.0;27
16/07/2017 21:50:50;779.41;30.3;43.1;35.1;40.0;0.0;27
16/07/2017 21:50:57;780.91;30.3;43.1;35.1;40.0;0.0;27
16/07/2017 21:51:03;781.2;30.3;43.1;35.1;40.0;0.0;27
16/07/2017 21:51:10;781.34;30.4;43.2;35.1;40.0;0.0;27
16/07/2017 21:51:17;781.84;30.4;43.2;35.1;40.0;0.0;27
16/07/2017 21:51:23;780.7;30.4;43.2;35.1;40.0;0.0;27
16/07/2017 21:51:30;780.7;30.4;43.2;35.1;40.0;0.0;27
16/07/2017 21:51:36;782.06;30.5;43.2;35.1;40.0;0.0;27
16/07/2017 21:51:43;782.7;30.5;43.2;34.8;40.0;0.0;27
16/07/2017 21:51:50;783.92;30.5;43.3;34.8;40.0;0.0;27
16/07/2017 21:51:57;783.34;30.5;43.3;34.8;40.0;0.0;27
16/07/2017 21:52:04;783.92;30.5;43.2;34.8;40.0;0.0;27
16/07/2017 21:52:11;784.06;30.5;43.1;34.8;40.0;0.0;27
16/07/2017 21:52:18;784.85;30.4;43.2;34.8;40.0;0.0;27
16/07/2017 21:52:24;783.06;30.4;43.2;34.8;40.0;0.0;27
16/07/2017 21:52:31;783.56;30.4;43.2;34.8;40.0;0.0;27
16/07/2017 21:52:37;782.84;30.4;43.2;34.8;40.0;0.0;27
16/07/2017 21:52:44;782.56;30.4;43.2;34.8;40.0;0.0;27
16/07/2017 21:52:51;782.06;30.5;43.3;34.8;40.0;0.0;27
16/07/2017 21:52:57;782.7;30.5;43.5;34.8;40.0;0.0;27
16/07/2017 21:53:04;781.84;30.5;43.5;34.8;40.0;0.0;27
16/07/2017 21:53:11;782.34;30.5;43.6;34.8;40.0;0.0;27
16/07/2017 21:53:17;782.13;30.5;43.6;34.8;40.0;0.0;27
16/07/2017 21:53:24;782.63;30.5;43.6;34.8;40.0;0.0;27
16/07/2017 21:53:31;782.27;30.5;43.6;34.8;40.0;0.0;27
16/07/2017 21:53:37;782.56;30.5;43.5;34.8;40.0;0.0;27
16/07/2017 21:53:44;782.41;30.5;43.5;34.8;40.0;0.0;27
16/07/2017 21:53:51;782.84;30.5;43.5;34.8;40.0;0.0;27
16/07/2017 21:53:57;783.27;30.6;43.5;34.8;40.0;0.0;27
16/07/2017 21:54:04;783.7;30.6;43.5;34.8;40.0;0.0;27
16/07/2017 21:54:10;784.42;30.6;43.5;34.8;40.0;0.0;27
16/07/2017 21:54:17;784.49;30.6;43.6;34.8;40.0;0.0;27
16/07/2017 21:54:24;784.63;30.6;43.6;34.8;40.0;0.0;27
16/07/2017 21:54:30;784.56;30.6;43.6;34.8;40.0;0.0;27
16/07/2017 21:54:37;782.27;30.6;43.6;34.8;40.0;0.0;27
16/07/2017 21:54:44;782.91;30.6;43.6;34.8;40.0;0.0;27
16/07/2017 21:54:50;783.56;30.6;43.6;34.8;40.0;0.0;27
16/07/2017 21:54:57;783.41;30.6;43.7;34.8;40.0;0.0;27
16/07/2017 21:55:03;781.98;30.6;43.8;34.8;40.0;0.0;27
16/07/2017 21:55:10;783.13;30.6;43.8;34.8;40.0;0.0;27
16/07/2017 21:55:17;784.49;30.6;43.8;34.8;40.0;0.0;27
16/07/2017 21:55:23;784.42;30.6;43.8;34.8;40.0;0.0;27
16/07/2017 21:55:30;783.84;30.6;43.8;34.8;40.0;0.0;27
16/07/2017 21:55:37;783.34;30.6;43.8;34.8;40.0;0.0;27
16/07/2017 21:55:43;784.85;30.6;43.7;34.8;40.0;0.0;27
16/07/2017 21:55:50;785.99;30.6;43.7;34.8;40.0;0.0;27
16/07/2017 21:55:57;784.27;30.6;43.7;34.8;40.0;0.0;27
16/07/2017 21:56:03;784.06;30.6;43.8;34.8;40.0;0.0;27
16/07/2017 21:56:10;783.99;30.7;43.8;34.8;40.0;0.0;27
16/07/2017 21:56:17;783.13;30.7;43.8;34.8;40.0;0.0;27
16/07/2017 21:56:23;785.56;30.7;43.8;34.8;40.0;0.0;27
16/07/2017 21:56:30;784.56;30.7;43.8;34.8;40.0;0.0;27
16/07/2017 21:56:37;785.85;30.7;43.8;34.8;40.0;0.0;27
16/07/2017 21:56:44;781.2;30.7;43.8;34.6;40.0;0.0;27
16/07/2017 21:56:51;777.05;30.7;43.8;34.6;40.0;0.0;27
16/07/2017 21:57:00;778.69;30.8;43.8;34.6;40.0;0.0;27
16/07/2017 21:57:07;783.56;30.8;43.7;34.6;40.0;0.0;27
16/07/2017 21:57:13;785.13;30.8;43.7;34.6;40.0;0.0;27
16/07/2017 21:57:20;784.13;30.8;43.7;34.6;40.0;0.0;27
16/07/2017 21:57:26;784.85;30.8;43.7;34.6;40.0;0.0;27
16/07/2017 21:57:33;784.63;30.8;43.7;34.6;40.0;0.0;27
16/07/2017 21:57:39;785.06;30.8;43.8;34.6;40.0;0.0;27
16/07/2017 21:57:46;784.56;30.8;43.8;34.6;40.0;0.0;27
16/07/2017 21:57:53;786.13;30.8;43.8;34.6;40.0;0.0;27
16/07/2017 21:57:59;782.13;30.8;43.8;34.6;40.0;0.0;27
16/07/2017 21:58:06;782.34;30.9;43.9;34.6;40.0;0.0;27
16/07/2017 21:58:12;781.63;30.9;43.9;34.6;40.0;0.0;27
16/07/2017 21:58:19;782.13;30.9;43.9;34.6;40.0;0.0;27
16/07/2017 21:58:26;782.7;30.9;43.8;34.6;40.0;0.0;27
16/07/2017 21:58:32;782.2;30.9;43.8;34.6;40.0;0.0;27
16/07/2017 21:58:40;781.63;31.0;43.8;34.6;40.0;0.0;27
16/07/2017 21:58:47;782.41;31.0;43.7;34.6;40.0;0.0;27
16/07/2017 21:58:54;783.06;31.0;43.7;34.6;40.0;0.0;27
16/07/2017 21:59:01;782.41;31.0;43.6;34.6;40.0;0.0;27
16/07/2017 21:59:08;782.77;31.0;43.6;34.6;40.0;0.0;27
16/07/2017 21:59:15;781.27;31.0;43.6;34.6;40.0;0.0;27
16/07/2017 21:59:22;781.7;31.0;43.6;34.6;40.0;0.0;27
16/07/2017 21:59:28;783.06;30.9;43.6;34.6;40.0;0.0;27
16/07/2017 21:59:35;782.06;30.9;43.7;34.6;40.0;0.0;27
16/07/2017 21:59:41;783.2;30.9;43.7;34.6;40.0;0.0;27
16/07/2017 21:59:48;784.85;30.9;43.7;34.6;40.0;0.0;27
16/07/2017 21:59:56;784.2;30.9;43.8;34.6;40.0;0.0;27
16/07/2017 22:00:02;782.91;30.9;43.8;34.6;40.0;0.0;27
16/07/2017 22:00:09;782.63;30.9;43.8;34.6;40.0;0.0;27
16/07/2017 22:00:16;782.34;30.9;43.8;34.6;40.0;0.0;27
16/07/2017 22:00:22;783.34;30.9;43.8;34.6;40.0;0.0;27
16/07/2017 22:00:29;782.56;30.9;43.8;34.6;40.0;0.0;27
16/07/2017 22:00:35;782.27;30.9;43.9;34.6;40.0;0.0;27
16/07/2017 22:00:42;783.49;31.0;43.8;34.6;40.0;0.0;27
16/07/2017 22:00:49;782.48;31.0;43.8;34.6;40.0;0.0;27
16/07/2017 22:00:56;783.2;31.0;43.8;34.6;40.0;0.0;27
16/07/2017 22:01:02;784.49;31.0;43.9;34.6;40.0;0.0;27
16/07/2017 22:01:09;784.56;31.0;43.8;34.6;40.0;0.0;27
16/07/2017 22:01:16;784.34;31.0;43.8;34.6;40.0;0.0;27
16/07/2017 22:01:22;782.84;31.0;43.8;34.6;40.0;0.0;27
16/07/2017 22:01:30;784.92;31.0;43.8;34.6;40.0;0.0;27
16/07/2017 22:01:37;784.06;31.0;43.7;34.6;40.0;0.0;27
16/07/2017 22:01:43;785.06;31.0;43.7;34.6;40.0;0.0;27
16/07/2017 22:01:50;784.2;31.0;43.7;34.6;40.0;0.0;27
16/07/2017 22:01:57;784.2;31.0;43.7;34.4;40.0;0.0;27
16/07/2017 22:02:03;784.63;31.0;43.8;34.4;40.0;0.0;27
16/07/2017 22:02:11;783.7;31.0;43.9;34.4;40.0;0.0;27
16/07/2017 22:02:17;786.13;31.0;43.7;34.4;40.0;0.0;27
16/07/2017 22:02:24;785.56;31.0;43.7;34.4;40.0;0.0;27
16/07/2017 22:02:31;785.56;31.0;43.5;34.4;40.0;0.0;27
16/07/2017 22:02:37;784.85;30.9;43.5;34.4;40.0;0.0;27
16/07/2017 22:02:44;784.49;31.0;43.5;34.4;40.0;0.0;27
16/07/2017 22:02:51;783.99;30.9;43.4;34.4;40.0;0.0;27
16/07/2017 22:02:57;783.99;30.9;43.4;34.4;40.0;0.0;27
16/07/2017 22:03:05;785.42;30.9;43.4;34.4;40.0;0.0;27
16/07/2017 22:03:11;786.42;30.9;43.2;34.4;40.0;0.0;27
16/07/2017 22:03:18;786.56;30.9;43.2;34.4;40.0;0.0;27
16/07/2017 22:03:25;785.06;30.8;43.2;34.4;40.0;0.0;27
16/07/2017 22:03:31;784.06;30.8;43.1;34.4;40.0;0.0;27
16/07/2017 22:03:38;782.34;30.8;43.1;34.4;40.0;0.0;27
16/07/2017 22:03:46;782.84;30.8;43.1;34.4;40.0;0.0;27
16/07/2017 22:03:52;782.63;30.8;43.0;34.4;40.0;0.0;27
16/07/2017 22:03:59;781.56;30.7;43.0;34.4;40.0;0.0;27
16/07/2017 22:04:05;781.63;30.7;43.0;34.4;40.0;0.0;27
16/07/2017 22:04:12;780.84;30.6;43.2;34.4;40.0;0.0;27
16/07/2017 22:04:19;782.2;30.6;43.2;34.4;40.0;0.0;27
16/07/2017 22:04:25;782.41;30.6;43.2;34.4;40.0;0.0;27
16/07/2017 22:04:32;781.56;30.6;43.1;34.4;40.0;0.0;27
16/07/2017 22:04:39;782.7;30.6;43.1;34.4;40.0;0.0;27
16/07/2017 22:04:47;784.77;30.6;43.0;34.4;40.0;0.0;27
16/07/2017 22:04:54;783.56;30.6;43.0;34.4;40.0;0.0;27
16/07/2017 22:05:01;775.19;30.6;43.0;34.4;40.0;0.0;27
16/07/2017 22:05:07;769.4;30.5;42.9;34.4;40.0;0.0;27
16/07/2017 22:05:14;768.47;30.5;42.9;34.4;40.0;0.0;27
16/07/2017 22:05:20;766.46;30.5;42.9;34.4;40.0;0.0;27
16/07/2017 22:05:27;768.97;30.5;42.9;34.4;40.0;0.0;27
16/07/2017 22:05:34;768.54;30.5;42.9;34.4;40.0;0.0;27
16/07/2017 22:05:40;768.82;30.5;42.9;34.4;40.0;0.0;27
16/07/2017 22:05:47;763.96;30.5;42.8;34.4;40.0;0.0;27
16/07/2017 22:05:53;762.6;30.5;42.7;34.4;40.0;0.0;27
16/07/2017 22:06:00;761.6;30.5;42.7;34.4;40.0;0.0;27
16/07/2017 22:06:07;762.17;30.5;42.6;34.4;40.0;0.0;27
16/07/2017 22:06:13;765.6;30.5;42.5;34.4;40.0;0.0;27
16/07/2017 22:06:20;765.39;30.5;42.5;34.4;40.0;0.0;27
16/07/2017 22:06:27;770.33;30.4;42.4;34.4;40.0;0.0;27
16/07/2017 22:06:33;771.61;30.5;42.4;34.4;40.0;0.0;27
16/07/2017 22:06:40;772.47;30.5;42.4;34.4;40.0;0.0;27
16/07/2017 22:06:47;772.11;30.4;42.3;34.3;41.0;0.0;27
16/07/2017 22:06:53;772.97;30.4;42.3;34.3;41.0;0.0;27
16/07/2017 22:07:00;773.47;30.5;42.3;34.3;41.0;0.0;27
16/07/2017 22:07:07;772.76;30.5;42.2;34.3;41.0;0.0;27
16/07/2017 22:07:13;769.75;30.5;42.2;34.3;41.0;0.0;27
16/07/2017 22:07:20;770.54;30.5;42.2;34.3;41.0;0.0;27
16/07/2017 22:07:27;770.83;30.5;42.1;34.3;41.0;0.0;27
16/07/2017 22:07:33;772.33;30.5;42.0;34.3;41.0;0.0;27
16/07/2017 22:07:40;770.97;30.5;42.0;34.3;41.0;0.0;27
16/07/2017 22:07:46;771.97;30.5;42.0;34.3;41.0;0.0;27
16/07/2017 22:07:53;771.68;30.4;42.1;34.3;41.0;0.0;27
16/07/2017 22:08:00;774.12;30.4;42.1;34.3;41.0;0.0;27
16/07/2017 22:08:06;771.33;30.4;42.1;34.3;41.0;0.0;27
16/07/2017 22:08:13;771.83;30.4;42.1;34.3;41.0;0.0;27
16/07/2017 22:08:20;771.68;30.4;42.1;34.3;41.0;0.0;27
16/07/2017 22:08:26;767.32;30.4;42.1;34.3;41.0;0.0;27
16/07/2017 22:08:33;767.18;30.4;42.1;34.3;41.0;0.0;27
16/07/2017 22:08:40;765.96;30.4;42.1;34.3;41.0;0.0;27
16/07/2017 22:08:46;764.03;30.4;42.1;34.3;41.0;0.0;27
16/07/2017 22:08:53;758.81;30.3;42.0;34.3;41.0;0.0;27
16/07/2017 22:08:59;756.81;30.3;42.1;34.3;41.0;0.0;27
16/07/2017 22:09:06;756.74;30.2;42.0;34.3;41.0;0.0;27
16/07/2017 22:09:12;754.45;30.2;42.0;34.3;41.0;0.0;27
16/07/2017 22:09:19;756.74;30.2;42.0;34.3;41.0;0.0;27
16/07/2017 22:09:26;753.73;30.2;42.0;34.3;41.0;0.0;27
16/07/2017 22:09:32;752.73;30.2;42.0;34.3;41.0;0.0;27
16/07/2017 22:09:39;752.44;30.2;41.9;34.3;41.0;0.0;27
16/07/2017 22:09:46;752.59;30.2;41.9;34.3;41.0;0.0;27
16/07/2017 22:09:52;753.73;30.2;41.9;34.3;41.0;0.0;27
16/07/2017 22:09:59;751.94;30.2;41.7;34.3;41.0;0.0;27
16/07/2017 22:10:05;752.44;30.2;41.7;34.3;41.0;0.0;27
16/07/2017 22:10:12;756.38;30.2;41.7;34.3;41.0;0.0;27
16/07/2017 22:10:19;762.96;30.3;41.8;34.3;41.0;0.0;27
16/07/2017 22:10:36;765.03;30.2;41.7;34.3;41.0;0.0;27
16/07/2017 22:10:43;766.96;30.2;41.7;34.3;41.0;0.0;27
16/07/2017 22:10:50;768.25;30.2;42.0;34.3;41.0;0.0;27
16/07/2017 22:10:56;766.96;30.3;42.2;34.3;41.0;0.0;27
16/07/2017 22:11:03;767.32;30.2;42.1;34.3;41.0;0.0;27
16/07/2017 22:11:10;767.32;30.3;42.2;34.3;41.0;0.0;27
16/07/2017 22:11:16;768.75;30.3;42.2;34.3;41.0;0.0;27
16/07/2017 22:11:23;769.32;30.3;42.2;34.3;41.0;0.0;27
16/07/2017 22:11:30;764.89;30.3;42.2;34.3;41.0;0.0;27
16/07/2017 22:11:36;766.46;30.2;42.2;34.3;41.0;0.0;27
16/07/2017 22:11:43;766.46;30.2;42.3;34.0;41.0;0.0;27
16/07/2017 22:11:49;767.54;30.2;42.3;34.0;41.0;0.0;27
16/07/2017 22:11:56;768.82;30.3;42.3;34.0;41.0;0.0;27
16/07/2017 22:12:03;769.4;30.2;42.2;34.0;41.0;0.0;27
16/07/2017 22:12:09;768.97;30.2;42.2;34.0;41.0;0.0;27
16/07/2017 22:12:16;768.25;30.3;42.1;34.0;41.0;0.0;27
16/07/2017 22:12:23;769.4;30.2;42.1;34.0;41.0;0.0;27
16/07/2017 22:12:29;767.89;30.2;42.1;34.0;41.0;0.0;27
16/07/2017 22:12:36;763.03;30.2;42.0;34.0;41.0;0.0;27
16/07/2017 22:12:43;762.6;30.2;42.0;34.0;41.0;0.0;27
16/07/2017 22:12:49;755.16;30.2;42.0;34.0;41.0;0.0;27
16/07/2017 22:12:56;755.31;30.2;42.0;34.0;41.0;0.0;27
16/07/2017 22:13:02;753.66;30.2;42.0;34.0;41.0;0.0;27
16/07/2017 22:13:09;755.38;30.1;42.0;34.0;41.0;0.0;27
16/07/2017 22:13:16;752.44;30.1;42.0;34.0;41.0;0.0;27
16/07/2017 22:13:24;753.23;30.2;42.0;34.0;41.0;0.0;27
16/07/2017 22:13:30;751.09;30.2;42.0;34.0;41.0;0.0;27
16/07/2017 22:13:37;750.51;30.2;41.9;34.0;41.0;0.0;27
16/07/2017 22:13:43;751.16;30.2;41.8;34.0;41.0;0.0;27
16/07/2017 22:13:50;750.23;30.2;41.8;34.0;41.0;0.0;27
16/07/2017 22:13:57;749.01;30.2;41.9;34.0;41.0;0.0;27
16/07/2017 22:14:03;749.01;30.2;41.8;34.0;41.0;0.0;27
16/07/2017 22:14:10;750.51;30.2;41.8;34.0;41.0;0.0;27
16/07/2017 22:14:17;754.45;30.2;41.6;34.0;41.0;0.0;27
16/07/2017 22:14:23;757.02;30.2;41.6;34.0;41.0;0.0;27
16/07/2017 22:14:30;759.1;30.2;41.6;34.0;41.0;0.0;27
16/07/2017 22:14:37;760.74;30.2;41.6;34.0;41.0;0.0;27
16/07/2017 22:14:43;760.74;30.1;41.5;34.0;41.0;0.0;27
16/07/2017 22:14:50;762.74;30.1;41.5;34.0;41.0;0.0;27
16/07/2017 22:14:56;762.03;30.1;41.5;34.0;41.0;0.0;27
16/07/2017 22:15:03;762.03;30.1;41.5;34.0;41.0;0.0;27
16/07/2017 22:15:10;760.03;30.1;41.5;34.0;41.0;0.0;27
16/07/2017 22:15:16;762.82;30.1;41.5;34.0;41.0;0.0;27
16/07/2017 22:15:23;759.31;30.1;41.5;34.0;41.0;0.0;27
16/07/2017 22:15:29;753.23;30.1;41.5;34.0;41.0;0.0;27
16/07/2017 22:15:36;751.94;30.1;41.5;34.0;41.0;0.0;27
16/07/2017 22:15:43;748.8;30.1;41.5;34.0;41.0;0.0;27
16/07/2017 22:15:50;745.86;30.1;41.6;34.0;41.0;0.0;27
16/07/2017 22:15:57;747.58;30.0;41.6;34.0;41.0;0.0;27
16/07/2017 22:16:03;750.08;30.0;41.5;34.0;41.0;0.0;27
16/07/2017 22:16:10;748.15;30.0;41.4;34.0;41.0;0.0;27
16/07/2017 22:16:17;744.79;30.0;41.4;34.0;41.0;0.0;27
16/07/2017 22:16:24;750.01;30.0;41.4;34.0;41.0;0.0;27
16/07/2017 22:16:31;746.72;30.0;41.4;34.0;41.0;0.0;27
16/07/2017 22:16:38;746.15;30.1;41.3;34.0;41.0;0.0;27
16/07/2017 22:16:44;744.43;30.1;41.3;33.7;41.0;0.0;27
16/07/2017 22:16:51;744.72;30.1;41.2;33.7;41.0;0.0;27
16/07/2017 22:16:58;743.93;30.1;41.1;33.7;41.0;0.0;27
16/07/2017 22:17:05;747.65;30.1;41.0;33.7;41.0;0.0;27
16/07/2017 22:17:12;752.94;30.1;41.0;33.7;41.0;0.0;27
16/07/2017 22:17:18;753.95;30.1;41.0;33.7;41.0;0.0;27
16/07/2017 22:17:25;754.66;30.1;41.0;33.7;41.0;0.0;27
16/07/2017 22:17:34;754.23;30.1;40.9;33.7;41.0;0.0;27
16/07/2017 22:17:41;755.88;30.1;40.8;33.7;41.0;0.0;27
16/07/2017 22:17:48;756.59;30.1;40.8;33.7;41.0;0.0;27
16/07/2017 22:17:55;757.09;30.1;40.9;33.7;41.0;0.0;27
16/07/2017 22:18:01;756.52;30.1;40.9;33.7;41.0;0.0;27
16/07/2017 22:18:08;754.8;30.1;40.9;33.7;41.0;0.0;27
16/07/2017 22:18:15;755.31;30.1;40.9;33.7;41.0;0.0;27
16/07/2017 22:18:21;756.52;30.1;40.9;33.7;41.0;0.0;27
16/07/2017 22:18:28;756.09;30.1;40.9;33.7;41.0;0.0;27
16/07/2017 22:18:34;757.02;30.0;40.9;33.7;41.0;0.0;27
16/07/2017 22:18:41;757.52;30.0;40.9;33.7;41.0;0.0;27
16/07/2017 22:18:48;757.52;30.0;40.9;33.7;41.0;0.0;27
16/07/2017 22:18:55;758.67;29.9;40.8;33.7;41.0;0.0;27
16/07/2017 22:19:01;760.17;29.9;40.9;33.7;41.0;0.0;27
16/07/2017 22:19:08;755.16;29.9;41.0;33.7;41.0;0.0;27
16/07/2017 22:19:14;757.16;29.9;41.0;33.7;41.0;0.0;27
16/07/2017 22:19:21;757.02;29.9;41.0;33.7;41.0;0.0;27
16/07/2017 22:19:28;757.59;29.9;41.0;33.7;41.0;0.0;27
16/07/2017 22:19:34;754.52;30.0;40.8;33.7;41.0;0.0;27
16/07/2017 22:19:41;756.02;30.0;40.8;33.7;41.0;0.0;27
16/07/2017 22:19:48;750.37;30.0;40.7;33.7;41.0;0.0;27
16/07/2017 22:19:54;748.94;30.0;40.7;33.7;41.0;0.0;27
16/07/2017 22:20:02;749.15;30.0;40.7;33.7;41.0;0.0;27
16/07/2017 22:20:09;745.43;30.0;40.6;33.7;41.0;0.0;27
16/07/2017 22:20:15;745.22;29.9;40.6;33.7;41.0;0.0;27
16/07/2017 22:20:22;744.93;29.9;40.7;33.7;41.0;0.0;27
16/07/2017 22:20:29;744.93;29.9;40.7;33.7;41.0;0.0;27
16/07/2017 22:20:36;744.43;29.9;40.7;33.7;41.0;0.0;27
16/07/2017 22:20:42;744.0;29.9;40.5;33.7;41.0;0.0;27
16/07/2017 22:20:49;743.72;30.0;40.5;33.7;41.0;0.0;27
16/07/2017 22:20:56;744.43;30.0;40.4;33.7;41.0;0.0;27
16/07/2017 22:21:02;748.8;30.0;40.4;33.7;41.0;0.0;27
16/07/2017 22:21:09;746.94;30.0;40.4;33.7;41.0;0.0;27
16/07/2017 22:21:16;746.72;30.0;40.3;33.7;41.0;0.0;27
16/07/2017 22:21:23;747.01;30.0;40.2;33.7;41.0;0.0;27
16/07/2017 22:21:29;751.09;30.0;40.2;33.7;41.0;0.0;27
16/07/2017 22:21:36;753.23;30.0;40.2;33.7;41.0;0.0;27
16/07/2017 22:21:43;753.09;30.0;40.2;33.4;42.0;0.0;27
16/07/2017 22:21:49;754.3;30.0;40.2;33.4;42.0;0.0;27
16/07/2017 22:21:56;755.09;30.0;40.2;33.4;42.0;0.0;27
16/07/2017 22:22:03;754.52;29.9;40.3;33.4;42.0;0.0;27
16/07/2017 22:22:10;754.95;29.9;40.3;33.4;42.0;0.0;27
16/07/2017 22:22:17;754.52;29.9;40.4;33.4;42.0;0.0;27
16/07/2017 22:22:23;754.66;29.9;40.4;33.4;42.0;0.0;27
16/07/2017 22:22:30;756.31;29.9;40.4;33.4;42.0;0.0;27
16/07/2017 22:22:37;757.09;29.9;40.4;33.4;42.0;0.0;27
16/07/2017 22:22:43;758.17;29.8;40.4;33.4;42.0;0.0;27
16/07/2017 22:22:50;759.67;29.8;40.5;33.4;42.0;0.0;27
16/07/2017 22:22:56;759.95;29.8;40.5;33.4;42.0;0.0;27
16/07/2017 22:23:03;760.31;29.7;40.6;33.4;42.0;0.0;27
16/07/2017 22:23:10;759.24;29.7;40.6;33.4;42.0;0.0;27
16/07/2017 22:23:16;760.31;29.7;40.6;33.4;42.0;0.0;27
16/07/2017 22:23:24;760.74;29.7;40.7;33.4;42.0;0.0;27
16/07/2017 22:23:30;761.46;29.7;40.7;33.4;42.0;0.0;27
16/07/2017 22:23:38;761.74;29.7;40.7;33.4;42.0;0.0;27
16/07/2017 22:23:45;761.1;29.7;40.7;33.4;42.0;0.0;27
16/07/2017 22:23:51;763.32;29.6;40.7;33.4;42.0;0.0;27
16/07/2017 22:23:58;764.32;29.6;40.7;33.4;42.0;0.0;27
16/07/2017 22:24:05;762.17;29.6;40.7;33.4;42.0;0.0;27
16/07/2017 22:24:11;760.24;29.6;40.7;33.4;42.0;0.0;27
16/07/2017 22:24:18;758.31;29.6;40.7;33.4;42.0;0.0;27
16/07/2017 22:24:25;757.59;29.6;40.7;33.4;42.0;0.0;27
16/07/2017 22:24:31;757.24;29.6;40.8;33.4;42.0;0.0;27
16/07/2017 22:24:38;758.02;29.6;40.8;33.4;42.0;0.0;27
16/07/2017 22:24:44;758.67;29.6;40.8;33.4;42.0;0.0;27
16/07/2017 22:24:51;758.31;29.6;40.8;33.4;42.0;0.0;27
16/07/2017 22:24:58;759.53;29.5;40.9;33.4;42.0;0.0;27
16/07/2017 22:25:04;762.82;29.5;40.9;33.4;42.0;0.0;27
16/07/2017 22:25:11;763.03;29.5;40.9;33.4;42.0;0.0;27
16/07/2017 22:25:18;761.67;29.5;41.0;33.4;42.0;0.0;27
16/07/2017 22:25:24;761.1;29.5;41.0;33.4;42.0;0.0;27
16/07/2017 22:25:31;763.82;29.5;41.0;33.4;42.0;0.0;27
16/07/2017 22:25:37;760.53;29.5;41.0;33.4;42.0;0.0;27
16/07/2017 22:25:44;759.95;29.5;41.0;33.4;42.0;0.0;27
16/07/2017 22:25:51;761.31;29.5;41.0;33.4;42.0;0.0;27
16/07/2017 22:25:57;761.17;29.5;41.0;33.4;42.0;0.0;27
16/07/2017 22:26:04;761.1;29.5;41.0;33.4;42.0;0.0;27
16/07/2017 22:26:10;761.31;29.5;41.0;33.4;42.0;0.0;27
16/07/2017 22:26:17;759.38;29.5;41.0;33.4;42.0;0.0;27
16/07/2017 22:26:24;758.17;29.5;41.0;33.4;42.0;0.0;27
16/07/2017 22:26:30;758.6;29.5;41.0;33.4;42.0;0.0;27
16/07/2017 22:26:37;760.53;29.5;41.0;33.4;42.0;0.0;27
16/07/2017 22:26:43;759.95;29.5;41.0;33.4;42.0;0.0;27
16/07/2017 22:26:50;760.31;29.4;41.1;33.2;42.0;0.0;27
16/07/2017 22:26:57;760.45;29.4;41.1;33.2;42.0;0.0;27
16/07/2017 22:27:03;759.74;29.4;41.1;33.2;42.0;0.0;27
16/07/2017 22:27:10;760.03;29.4;41.1;33.2;42.0;0.0;27
16/07/2017 22:27:17;760.88;29.4;41.1;33.2;42.0;0.0;27
16/07/2017 22:27:23;761.38;29.4;41.1;33.2;42.0;0.0;27
16/07/2017 22:27:30;760.88;29.4;41.2;33.2;42.0;0.0;27
16/07/2017 22:27:36;760.53;29.4;41.2;33.2;42.0;0.0;27
16/07/2017 22:27:43;760.88;29.4;41.1;33.2;42.0;0.0;27
16/07/2017 22:27:50;762.31;29.4;41.2;33.2;42.0;0.0;27
16/07/2017 22:27:56;762.24;29.4;41.2;33.2;42.0;0.0;27
16/07/2017 22:28:03;763.32;29.4;41.2;33.2;42.0;0.0;27
16/07/2017 22:28:10;762.67;29.4;41.2;33.2;42.0;0.0;27
16/07/2017 22:28:16;761.67;29.4;41.3;33.2;42.0;0.0;27
16/07/2017 22:28:23;760.31;29.4;41.3;33.2;42.0;0.0;27
16/07/2017 22:28:29;762.17;29.4;41.3;33.2;42.0;0.0;27
16/07/2017 22:28:36;760.88;29.3;41.3;33.2;42.0;0.0;27
16/07/2017 22:28:42;758.88;29.3;41.3;33.2;42.0;0.0;27
16/07/2017 22:28:49;759.6;29.3;41.3;33.2;42.0;0.0;27
16/07/2017 22:28:56;761.53;29.3;41.3;33.2;42.0;0.0;27
16/07/2017 22:29:02;763.39;29.3;41.3;33.2;42.0;0.0;27
16/07/2017 22:29:09;762.53;29.3;41.4;33.2;42.0;0.0;27
16/07/2017 22:29:16;761.53;29.3;41.4;33.2;42.0;0.0;27
16/07/2017 22:29:22;760.24;29.3;41.4;33.2;42.0;0.0;27
16/07/2017 22:29:29;759.45;29.4;41.5;33.2;42.0;0.0;27
16/07/2017 22:29:35;756.95;29.4;41.5;33.2;42.0;0.0;27
16/07/2017 22:29:42;751.01;29.4;41.5;33.2;42.0;0.0;27
16/07/2017 22:29:48;749.8;29.4;41.5;33.2;42.0;0.0;27
16/07/2017 22:29:55;746.72;29.5;41.4;33.2;42.0;0.0;27
16/07/2017 22:30:02;748.87;29.5;41.4;33.2;42.0;0.0;27
16/07/2017 22:30:08;748.87;29.5;41.4;33.2;42.0;0.0;27
16/07/2017 22:30:15;748.87;29.5;41.2;33.2;42.0;0.0;27
16/07/2017 22:30:22;748.01;29.5;41.2;33.2;42.0;0.0;27
16/07/2017 22:30:28;749.73;29.5;41.2;33.2;42.0;0.0;27
16/07/2017 22:30:35;744.93;29.5;41.1;33.2;42.0;0.0;27
16/07/2017 22:30:42;744.22;29.5;41.1;33.2;42.0;0.0;27
16/07/2017 22:30:48;741.72;29.5;41.1;33.2;42.0;0.0;27
16/07/2017 22:30:55;741.72;29.5;41.1;33.2;42.0;0.0;27
16/07/2017 22:31:02;740.57;29.5;41.1;33.2;42.0;0.0;27
16/07/2017 22:31:08;741.07;29.5;41.1;33.2;42.0;0.0;27
16/07/2017 22:31:15;741.07;29.5;41.0;33.2;42.0;0.0;27
16/07/2017 22:31:22;742.5;29.5;41.0;33.2;42.0;0.0;27
16/07/2017 22:31:28;744.72;29.6;41.0;33.2;42.0;0.0;27
16/07/2017 22:31:35;747.44;29.5;41.0;33.2;42.0;0.0;27
16/07/2017 22:31:42;748.01;29.6;41.0;33.2;42.0;0.0;27
16/07/2017 22:31:48;753.23;29.6;41.0;32.9;43.0;0.0;27
16/07/2017 22:31:56;754.59;29.6;40.9;32.9;43.0;0.0;27
16/07/2017 22:32:02;754.88;29.6;40.9;32.9;43.0;0.0;27
16/07/2017 22:32:10;754.02;29.6;40.8;32.9;43.0;0.0;27
16/07/2017 22:32:17;754.3;29.5;40.9;32.9;43.0;0.0;27
16/07/2017 22:32:23;754.23;29.5;40.9;32.9;43.0;0.0;27
16/07/2017 22:32:30;755.38;29.5;40.9;32.9;43.0;0.0;27
16/07/2017 22:32:36;755.95;29.5;40.9;32.9;43.0;0.0;27
16/07/2017 22:32:43;758.67;29.4;41.0;32.9;43.0;0.0;27
16/07/2017 22:32:49;758.09;29.4;41.0;32.9;43.0;0.0;27
16/07/2017 22:32:56;757.02;29.4;41.0;32.9;43.0;0.0;27
16/07/2017 22:33:03;756.52;29.4;41.1;32.9;43.0;0.0;27
16/07/2017 22:33:09;758.45;29.4;41.1;32.9;43.0;0.0;27
16/07/2017 22:33:16;759.88;29.4;41.1;32.9;43.0;0.0;27
16/07/2017 22:33:23;758.45;29.4;41.1;32.9;43.0;0.0;27
16/07/2017 22:33:29;758.6;29.4;41.1;32.9;43.0;0.0;27
16/07/2017 22:33:36;757.45;29.4;41.2;32.9;43.0;0.0;27
16/07/2017 22:33:42;757.59;29.4;41.2;32.9;43.0;0.0;27
16/07/2017 22:33:49;757.38;29.4;41.2;32.9;43.0;0.0;27
16/07/2017 22:33:56;759.6;29.4;41.1;32.9;43.0;0.0;27
16/07/2017 22:34:02;759.17;29.4;41.1;32.9;43.0;0.0;27
16/07/2017 22:34:09;760.03;29.4;41.1;32.9;43.0;0.0;27
16/07/2017 22:34:16;762.6;29.4;41.1;32.9;43.0;0.0;27
16/07/2017 22:34:22;762.96;29.4;41.1;32.9;43.0;0.0;27
16/07/2017 22:34:29;763.39;29.4;41.1;32.9;43.0;0.0;27
16/07/2017 22:34:36;761.17;29.4;41.1;32.9;43.0;0.0;27
16/07/2017 22:34:42;763.82;29.4;41.1;32.9;43.0;0.0;27
16/07/2017 22:34:49;761.96;29.4;41.0;32.9;43.0;0.0;27
16/07/2017 22:34:56;761.38;29.4;41.0;32.9;43.0;0.0;27
16/07/2017 22:35:02;760.74;29.4;41.0;32.9;43.0;0.0;27
16/07/2017 22:35:09;757.95;29.4;41.0;32.9;43.0;0.0;27
16/07/2017 22:35:15;758.95;29.5;41.0;32.9;43.0;0.0;27
16/07/2017 22:35:22;759.17;29.4;41.0;32.9;43.0;0.0;27
16/07/2017 22:35:29;758.88;29.4;41.0;32.9;43.0;0.0;27
16/07/2017 22:35:35;761.31;29.4;41.0;32.9;43.0;0.0;27
16/07/2017 22:35:42;756.66;29.4;41.0;32.9;43.0;0.0;27
16/07/2017 22:35:49;755.95;29.3;41.0;32.9;43.0;0.0;27
16/07/2017 22:35:55;750.44;29.3;41.0;32.9;43.0;0.0;27
16/07/2017 22:36:02;753.73;29.3;41.0;32.9;43.0;0.0;27
16/07/2017 22:36:09;746.36;29.3;41.0;32.9;43.0;0.0;27
16/07/2017 22:36:15;747.15;29.3;41.0;32.9;43.0;0.0;27
16/07/2017 22:36:22;744.58;29.3;41.0;32.9;43.0;0.0;27
16/07/2017 22:36:28;747.37;29.3;41.0;32.9;43.0;0.0;27
16/07/2017 22:36:35;743.15;29.3;41.0;32.9;43.0;0.0;27
16/07/2017 22:36:42;745.22;29.3;41.0;32.9;43.0;0.0;27
16/07/2017 22:36:48;742.79;29.4;40.9;32.7;43.0;0.0;27
16/07/2017 22:36:56;742.86;29.4;40.8;32.7;43.0;0.0;27
16/07/2017 22:37:04;741.79;29.5;40.7;32.7;43.0;0.0;27
16/07/2017 22:37:11;741.64;29.5;40.7;32.7;43.0;0.0;27
16/07/2017 22:37:18;745.51;29.5;40.7;32.7;43.0;0.0;27
16/07/2017 22:37:25;750.16;29.5;40.7;32.7;43.0;0.0;27
16/07/2017 22:37:31;752.37;29.5;40.6;32.7;43.0;0.0;27
16/07/2017 22:37:38;753.37;29.5;40.5;32.7;43.0;0.0;27
16/07/2017 22:37:44;752.37;29.5;40.5;32.7;43.0;0.0;27
16/07/2017 22:37:51;752.59;29.5;40.4;32.7;43.0;0.0;27
16/07/2017 22:37:58;753.02;29.5;40.5;32.7;43.0;0.0;27
16/07/2017 22:38:04;753.87;29.5;40.5;32.7;43.0;0.0;27
16/07/2017 22:38:11;755.16;29.5;40.5;32.7;43.0;0.0;27
16/07/2017 22:38:17;753.23;29.5;40.5;32.7;43.0;0.0;27
16/07/2017 22:38:24;753.23;29.5;40.5;32.7;43.0;0.0;27
16/07/2017 22:38:31;753.23;29.5;40.5;32.7;43.0;0.0;27
16/07/2017 22:38:37;752.94;29.6;40.5;32.7;43.0;0.0;27
16/07/2017 22:38:45;753.02;29.6;40.4;32.7;43.0;0.0;27
16/07/2017 22:38:52;753.52;29.6;40.4;32.7;43.0;0.0;27
16/07/2017 22:38:58;753.73;29.6;40.4;32.7;43.0;0.0;27
16/07/2017 22:39:05;754.16;29.6;40.4;32.7;43.0;0.0;27
16/07/2017 22:39:11;754.45;29.6;40.4;32.7;43.0;0.0;27
16/07/2017 22:39:18;753.87;29.6;40.4;32.7;43.0;0.0;27
16/07/2017 22:39:24;753.87;29.6;40.4;32.7;43.0;0.0;27
16/07/2017 22:39:31;753.95;29.6;40.4;32.7;43.0;0.0;27
16/07/2017 22:39:38;754.95;29.6;40.4;32.7;43.0;0.0;27
16/07/2017 22:39:44;754.8;29.5;40.3;32.7;43.0;0.0;27
16/07/2017 22:39:51;756.66;29.6;40.3;32.7;43.0;0.0;27
16/07/2017 22:39:58;757.45;29.6;40.3;32.7;43.0;0.0;27
16/07/2017 22:40:04;757.02;29.6;40.3;32.7;43.0;0.0;27
16/07/2017 22:40:11;757.95;29.6;40.3;32.7;43.0;0.0;27
16/07/2017 22:40:17;756.09;29.6;40.3;32.7;43.0;0.0;27
16/07/2017 22:40:24;757.16;29.6;40.3;32.7;43.0;0.0;27
16/07/2017 22:40:31;759.02;29.6;40.3;32.7;43.0;0.0;27
16/07/2017 22:40:37;758.95;29.6;40.3;32.7;43.0;0.0;27
16/07/2017 22:40:44;759.24;29.6;40.4;32.7;43.0;0.0;27
16/07/2017 22:40:51;759.31;29.6;40.4;32.7;43.0;0.0;27
16/07/2017 22:40:57;760.67;29.6;40.4;32.7;43.0;0.0;27
16/07/2017 22:41:04;760.17;29.6;40.5;32.7;43.0;0.0;27
16/07/2017 22:41:10;757.95;29.6;40.5;32.7;43.0;0.0;27
16/07/2017 22:41:17;757.81;29.6;40.5;32.7;43.0;0.0;27
16/07/2017 22:41:24;758.24;29.6;40.6;32.7;43.0;0.0;27
16/07/2017 22:41:31;759.02;29.6;40.6;32.7;43.0;0.0;27
16/07/2017 22:41:43;760.74;29.7;40.7;32.5;44.0;0.0;27
16/07/2017 22:41:50;759.24;29.7;40.7;32.5;44.0;0.0;27
16/07/2017 22:41:56;761.46;29.7;40.7;32.5;44.0;0.0;27
16/07/2017 22:42:03;764.32;29.8;40.8;32.5;44.0;0.0;27
16/07/2017 22:42:10;765.18;29.9;40.9;32.5;44.0;0.0;27
16/07/2017 22:42:16;763.17;29.9;40.9;32.5;44.0;0.0;27
16/07/2017 22:42:23;763.89;29.9;41.2;32.5;44.0;0.0;27
16/07/2017 22:42:29;762.67;30.0;41.2;32.5;44.0;0.0;27
16/07/2017 22:42:36;760.88;30.0;41.2;32.5;44.0;0.0;27
16/07/2017 22:42:43;761.81;30.0;41.4;32.5;44.0;0.0;27
16/07/2017 22:42:49;763.89;30.0;41.4;32.5;44.0;0.0;27
16/07/2017 22:42:56;764.6;30.0;41.4;32.5;44.0;0.0;27
16/07/2017 22:43:03;759.81;30.0;41.5;32.5;44.0;0.0;27
16/07/2017 22:43:09;760.24;30.0;41.6;32.5;44.0;0.0;27
16/07/2017 22:43:17;765.68;30.0;41.7;32.5;44.0;0.0;27
16/07/2017 22:43:23;767.82;30.0;42.0;32.5;44.0;0.0;27
16/07/2017 22:43:30;767.82;30.0;42.2;32.5;44.0;0.0;27
16/07/2017 22:43:37;764.89;30.0;42.2;32.5;44.0;0.0;27
16/07/2017 22:43:43;764.32;30.0;42.4;32.5;44.0;0.0;27
16/07/2017 22:43:50;762.96;30.0;42.4;32.5;44.0;0.0;27
16/07/2017 22:43:56;762.17;30.0;42.4;32.5;44.0;0.0;27
16/07/2017 22:44:03;762.67;29.9;42.6;32.5;44.0;0.0;27
16/07/2017 22:44:10;760.88;29.9;42.5;32.5;44.0;0.0;27
16/07/2017 22:44:16;759.74;29.9;42.5;32.5;44.0;0.0;27
16/07/2017 22:44:23;761.81;30.0;42.5;32.5;44.0;0.0;27
16/07/2017 22:44:30;761.81;30.0;42.4;32.5;44.0;0.0;27
16/07/2017 22:44:36;761.46;30.0;42.4;32.5;44.0;0.0;27
16/07/2017 22:44:43;762.82;30.0;42.3;32.5;44.0;0.0;27
16/07/2017 22:44:49;763.03;30.0;42.2;32.5;44.0;0.0;27
16/07/2017 22:44:56;761.74;30.0;42.2;32.5;44.0;0.0;27
16/07/2017 22:45:03;760.74;30.0;42.2;32.5;44.0;0.0;27
16/07/2017 22:45:09;760.1;30.0;42.2;32.5;44.0;0.0;27
16/07/2017 22:45:16;761.17;30.0;42.0;32.5;44.0;0.0;27
16/07/2017 22:45:23;760.6;30.0;42.0;32.5;44.0;0.0;27
16/07/2017 22:45:30;760.74;29.9;42.1;32.5;44.0;0.0;27
16/07/2017 22:45:37;760.38;29.9;42.1;32.5;44.0;0.0;27
16/07/2017 22:45:43;758.67;29.9;42.1;32.5;44.0;0.0;27
16/07/2017 22:45:50;758.88;29.9;42.1;32.5;44.0;0.0;27
16/07/2017 22:45:57;759.6;29.9;42.0;32.5;44.0;0.0;27
16/07/2017 22:46:03;757.81;29.9;42.1;32.5;44.0;0.0;27
16/07/2017 22:46:10;758.45;29.9;42.0;32.5;44.0;0.0;27
16/07/2017 22:46:16;758.88;29.9;42.0;32.5;44.0;0.0;27
16/07/2017 22:46:23;756.23;29.9;42.0;32.5;44.0;0.0;27
16/07/2017 22:46:30;750.08;29.9;42.0;32.5;44.0;0.0;27
16/07/2017 22:46:36;744.29;29.9;42.0;32.5;44.0;0.0;27
16/07/2017 22:46:43;743.22;29.9;42.0;32.2;44.0;0.0;27
16/07/2017 22:46:49;742.07;29.9;41.9;32.2;44.0;0.0;27
16/07/2017 22:46:56;743.65;29.9;41.9;32.2;44.0;0.0;27
16/07/2017 22:47:03;743.29;29.9;41.9;32.2;44.0;0.0;27
16/07/2017 22:47:09;743.43;29.8;41.8;32.2;44.0;0.0;27
16/07/2017 22:47:17;741.93;29.9;41.8;32.2;44.0;0.0;27
16/07/2017 22:47:24;744.72;29.9;41.7;32.2;44.0;0.0;27
16/07/2017 22:47:30;742.86;29.8;41.7;32.2;44.0;0.0;27
16/07/2017 22:47:37;740.86;29.9;41.7;32.2;44.0;0.0;27
16/07/2017 22:47:44;745.08;29.8;41.7;32.2;44.0;0.0;27
16/07/2017 22:47:50;751.09;29.8;41.8;32.2;44.0;0.0;27
16/07/2017 22:47:57;752.3;29.8;41.8;32.2;44.0;0.0;27
16/07/2017 22:48:03;751.8;29.8;41.6;32.2;44.0;0.0;27
16/07/2017 22:48:10;751.16;29.8;41.6;32.2;44.0;0.0;27
16/07/2017 22:48:17;753.16;29.8;41.6;32.2;44.0;0.0;27
16/07/2017 22:48:23;755.16;29.7;41.7;32.2;44.0;0.0;27
16/07/2017 22:48:30;755.16;29.7;41.7;32.2;44.0;0.0;27
16/07/2017 22:48:37;752.87;29.7;41.7;32.2;44.0;0.0;27
16/07/2017 22:48:43;752.16;29.7;41.7;32.2;44.0;0.0;27
16/07/2017 22:48:50;752.59;29.8;41.8;32.2;44.0;0.0;27
16/07/2017 22:48:56;754.09;29.8;41.8;32.2;44.0;0.0;27
16/07/2017 22:49:03;753.87;29.8;41.7;32.2;44.0;0.0;27
16/07/2017 22:49:10;757.16;29.8;41.7;32.2;44.0;0.0;27
16/07/2017 22:49:16;757.74;29.7;41.7;32.2;44.0;0.0;27
16/07/2017 22:49:23;759.67;29.8;41.7;32.2;44.0;0.0;27
16/07/2017 22:49:31;758.6;29.7;41.7;32.2;44.0;0.0;27
16/07/2017 22:49:37;758.52;29.7;41.8;32.2;44.0;0.0;27
16/07/2017 22:49:44;758.81;29.7;41.8;32.2;44.0;0.0;27
16/07/2017 22:49:51;756.31;29.7;41.8;32.2;44.0;0.0;27
16/07/2017 22:49:57;755.59;29.7;41.8;32.2;44.0;0.0;27
16/07/2017 22:50:05;754.66;29.6;41.9;32.2;44.0;0.0;27
16/07/2017 22:50:12;754.3;29.6;41.9;32.2;44.0;0.0;27
16/07/2017 22:50:18;754.52;29.7;41.9;32.2;44.0;0.0;27
16/07/2017 22:50:25;755.66;29.7;41.9;32.2;44.0;0.0;27
16/07/2017 22:50:32;752.59;29.6;41.9;32.2;44.0;0.0;27
16/07/2017 22:50:38;747.44;29.6;41.9;32.2;44.0;0.0;27
16/07/2017 22:50:45;743.72;29.6;41.8;32.2;44.0;0.0;27
16/07/2017 22:50:51;744.29;29.6;41.8;32.2;44.0;0.0;27
16/07/2017 22:50:58;747.37;29.6;41.8;32.2;44.0;0.0;27
16/07/2017 22:51:05;744.65;29.6;41.9;32.2;44.0;0.0;27
16/07/2017 22:51:12;744.58;29.5;41.8;32.2;44.0;0.0;27
16/07/2017 22:51:19;744.29;29.6;41.8;32.2;44.0;0.0;27
16/07/2017 22:51:26;741.5;29.5;41.8;32.2;44.0;0.0;27
16/07/2017 22:51:32;742.72;29.6;41.8;32.2;44.0;0.0;27
16/07/2017 22:51:40;741.93;29.6;41.8;32.2;44.0;0.0;27
16/07/2017 22:51:47;740.28;29.6;41.8;32.0;44.0;0.0;27
16/07/2017 22:51:53;744.43;29.6;41.6;32.0;44.0;0.0;27
16/07/2017 22:52:01;747.51;29.6;41.6;32.0;44.0;0.0;27
16/07/2017 22:52:07;750.16;29.6;41.6;32.0;44.0;0.0;27
16/07/2017 22:52:14;750.51;29.7;41.5;32.0;44.0;0.0;27
16/07/2017 22:52:21;750.37;29.7;41.5;32.0;44.0;0.0;27
16/07/2017 22:52:27;750.94;29.7;41.5;32.0;44.0;0.0;27
16/07/2017 22:52:34;751.37;29.7;41.5;32.0;44.0;0.0;27
16/07/2017 22:52:40;749.94;29.6;41.5;32.0;44.0;0.0;27
16/07/2017 22:52:49;751.16;29.6;41.5;32.0;44.0;0.0;27
16/07/2017 22:52:56;748.3;29.7;41.5;32.0;44.0;0.0;27
16/07/2017 22:53:02;753.23;29.7;41.4;32.0;44.0;0.0;27
16/07/2017 22:53:09;750.23;29.7;41.4;32.0;44.0;0.0;27
16/07/2017 22:53:16;746.36;29.7;41.5;32.0;44.0;0.0;27
16/07/2017 22:53:22;739.0;29.6;41.3;32.0;44.0;0.0;27
16/07/2017 22:53:29;737.64;29.6;41.3;32.0;44.0;0.0;27
16/07/2017 22:53:36;739.21;29.6;41.3;32.0;44.0;0.0;27
16/07/2017 22:53:42;739.21;29.6;41.3;32.0;44.0;0.0;27
16/07/2017 22:53:49;738.14;29.6;41.3;32.0;44.0;0.0;27
16/07/2017 22:53:56;739.43;29.6;41.3;32.0;44.0;0.0;27
16/07/2017 22:54:02;742.65;29.6;41.3;32.0;44.0;0.0;27
16/07/2017 22:54:09;742.14;29.6;41.2;32.0;44.0;0.0;27
16/07/2017 22:54:16;742.43;29.6;41.2;32.0;44.0;0.0;27
16/07/2017 22:54:22;748.87;29.6;41.2;32.0;44.0;0.0;27
16/07/2017 22:54:29;749.65;29.6;41.2;32.0;44.0;0.0;27
16/07/2017 22:54:36;748.51;29.7;41.1;32.0;44.0;0.0;27
16/07/2017 22:54:42;744.08;29.6;41.1;32.0;44.0;0.0;27
16/07/2017 22:54:49;744.86;29.6;41.1;32.0;44.0;0.0;27
16/07/2017 22:54:56;744.08;29.6;41.1;32.0;44.0;0.0;27
16/07/2017 22:55:02;748.37;29.6;41.1;32.0;44.0;0.0;27
16/07/2017 22:55:09;748.87;29.6;41.1;32.0;44.0;0.0;27
16/07/2017 22:55:16;748.51;29.6;41.1;32.0;44.0;0.0;27
16/07/2017 22:55:24;749.3;29.7;41.1;32.0;44.0;0.0;27
16/07/2017 22:55:30;747.58;29.7;41.1;32.0;44.0;0.0;27
16/07/2017 22:55:37;747.79;29.7;41.1;32.0;44.0;0.0;27
16/07/2017 22:55:43;747.08;29.7;41.1;32.0;44.0;0.0;27
16/07/2017 22:55:50;747.58;29.7;41.0;32.0;44.0;0.0;27
16/07/2017 22:55:57;746.87;29.7;41.0;32.0;44.0;0.0;27
16/07/2017 22:56:03;741.29;29.7;41.0;32.0;44.0;0.0;27
16/07/2017 22:56:10;736.14;29.7;41.0;32.0;44.0;0.0;27
16/07/2017 22:56:17;733.49;29.7;41.0;32.0;44.0;0.0;27
16/07/2017 22:56:23;733.78;29.6;41.0;32.0;44.0;0.0;27
16/07/2017 22:56:30;734.28;29.6;41.0;32.0;44.0;0.0;27
16/07/2017 22:56:37;735.99;29.6;41.0;32.0;44.0;0.0;27
16/07/2017 22:56:43;733.85;29.6;41.0;31.7;44.0;0.0;27
16/07/2017 22:56:50;737.21;29.6;41.0;31.7;44.0;0.0;27
16/07/2017 22:56:57;738.93;29.6;41.0;31.7;44.0;0.0;27
16/07/2017 22:57:03;741.0;29.6;41.0;31.7;44.0;0.0;27
16/07/2017 22:57:10;740.64;29.6;41.0;31.7;44.0;0.0;27
16/07/2017 22:57:16;745.36;29.6;40.9;31.7;44.0;0.0;27
16/07/2017 22:57:23;748.44;29.6;40.9;31.7;44.0;0.0;27
16/07/2017 22:57:30;748.72;29.6;40.9;31.7;44.0;0.0;27
16/07/2017 22:57:36;749.58;29.7;41.0;31.7;44.0;0.0;27
16/07/2017 22:57:43;749.87;29.7;40.9;31.7;44.0;0.0;27
16/07/2017 22:57:50;748.44;29.7;40.9;31.7;44.0;0.0;27
16/07/2017 22:57:56;748.8;29.7;40.8;31.7;44.0;0.0;27
16/07/2017 22:58:03;749.87;29.8;40.8;31.7;44.0;0.0;27
16/07/2017 22:58:09;750.3;29.8;40.8;31.7;44.0;0.0;27
16/07/2017 22:58:16;749.51;29.9;40.8;31.7;44.0;0.0;27
16/07/2017 22:58:23;748.65;29.9;40.7;31.7;44.0;0.0;27
16/07/2017 22:58:29;747.51;29.9;40.7;31.7;44.0;0.0;27
16/07/2017 22:58:36;746.58;29.9;40.7;31.7;44.0;0.0;27
16/07/2017 22:58:43;744.72;29.9;40.7;31.7;44.0;0.0;27
16/07/2017 22:58:49;741.93;29.9;40.7;31.7;44.0;0.0;27
16/07/2017 22:58:56;733.78;29.9;40.7;31.7;44.0;0.0;27
16/07/2017 22:59:03;731.77;29.9;40.6;31.7;44.0;0.0;27
16/07/2017 22:59:09;735.21;29.9;40.6;31.7;44.0;0.0;27
16/07/2017 22:59:16;733.99;29.9;40.6;31.7;44.0;0.0;27
16/07/2017 22:59:23;732.7;29.9;40.6;31.7;44.0;0.0;27
16/07/2017 22:59:29;733.99;29.9;40.7;31.7;44.0;0.0;27
16/07/2017 22:59:36;733.99;29.9;40.7;31.7;44.0;0.0;27
16/07/2017 22:59:42;730.27;29.9;40.6;31.7;44.0;0.0;27
16/07/2017 22:59:50;730.41;29.9;40.5;31.7;44.0;0.0;27
16/07/2017 22:59:57;730.56;29.9;40.5;31.7;44.0;0.0;27
16/07/2017 23:00:03;730.7;29.8;40.5;31.7;44.0;0.0;27
16/07/2017 23:00:10;734.85;29.8;40.5;31.7;44.0;0.0;27
16/07/2017 23:00:16;732.7;29.8;40.5;31.7;44.0;0.0;27
16/07/2017 23:00:23;732.13;29.8;40.5;31.7;44.0;0.0;27
16/07/2017 23:00:30;730.34;29.9;40.5;31.7;44.0;0.0;27
16/07/2017 23:00:36;730.7;29.9;40.5;31.7;44.0;0.0;27
16/07/2017 23:00:43;732.7;29.8;40.6;31.7;44.0;0.0;27
16/07/2017 23:00:50;730.27;29.8;40.6;31.7;44.0;0.0;27
16/07/2017 23:00:56;729.06;29.8;40.6;31.7;44.0;0.0;27
16/07/2017 23:01:03;726.19;29.8;40.7;31.7;44.0;0.0;27
16/07/2017 23:01:10;727.27;29.8;40.7;31.7;44.0;0.0;27
16/07/2017 23:01:16;726.69;29.8;40.7;31.7;44.0;0.0;27
16/07/2017 23:01:24;727.84;29.9;40.6;31.7;44.0;0.0;27
16/07/2017 23:01:30;728.84;29.9;40.6;31.7;44.0;0.0;27
16/07/2017 23:01:37;724.76;29.9;40.5;31.7;44.0;0.0;27
16/07/2017 23:01:44;726.84;29.9;40.4;31.7;44.0;0.0;27
16/07/2017 23:01:50;727.62;29.9;40.4;31.5;44.0;0.0;27
16/07/2017 23:01:57;726.12;29.9;40.3;31.5;44.0;0.0;27
16/07/2017 23:02:04;725.91;30.0;40.3;31.5;44.0;0.0;27
16/07/2017 23:02:10;722.69;30.0;40.3;31.5;44.0;0.0;27
16/07/2017 23:02:17;721.83;30.0;40.2;31.5;44.0;0.0;27
16/07/2017 23:02:24;720.4;30.0;40.2;31.5;44.0;0.0;27
16/07/2017 23:02:30;718.61;30.0;40.2;31.5;44.0;0.0;27
16/07/2017 23:02:37;721.26;29.9;40.2;31.5;44.0;0.0;27
16/07/2017 23:02:43;722.69;29.9;40.3;31.5;44.0;0.0;27
16/07/2017 23:02:50;717.97;29.9;40.3;31.5;44.0;0.0;27
16/07/2017 23:02:57;716.18;29.9;40.3;31.5;44.0;0.0;27
16/07/2017 23:03:03;714.25;29.9;40.3;31.5;44.0;0.0;27
16/07/2017 23:03:10;717.11;29.9;40.2;31.5;44.0;0.0;27
16/07/2017 23:03:16;722.26;29.9;40.2;31.5;44.0;0.0;27
16/07/2017 23:03:23;720.19;30.0;40.2;31.5;44.0;0.0;27
16/07/2017 23:03:30;721.19;30.0;40.1;31.5;44.0;0.0;27
16/07/2017 23:03:36;722.47;30.0;40.1;31.5;44.0;0.0;27
16/07/2017 23:03:43;723.83;30.0;40.1;31.5;44.0;0.0;27
16/07/2017 23:03:49;724.12;30.0;40.1;31.5;44.0;0.0;27
16/07/2017 23:03:56;721.76;30.0;40.1;31.5;44.0;0.0;27
16/07/2017 23:04:03;719.76;30.0;40.0;31.5;44.0;0.0;27
16/07/2017 23:04:10;720.19;30.0;40.0;31.5;44.0;0.0;27
16/07/2017 23:04:16;719.76;30.0;40.0;31.5;44.0;0.0;27
16/07/2017 23:04:23;720.19;30.0;40.0;31.5;44.0;0.0;27
16/07/2017 23:04:31;721.83;30.0;40.0;31.5;44.0;0.0;27
16/07/2017 23:04:37;723.26;30.0;40.0;31.5;44.0;0.0;27
16/07/2017 23:04:44;722.98;30.0;40.0;31.5;44.0;0.0;27
16/07/2017 23:04:50;723.69;30.0;39.9;31.5;44.0;0.0;27
16/07/2017 23:04:58;724.12;30.0;39.9;31.5;44.0;0.0;27
16/07/2017 23:05:05;727.27;30.0;39.9;31.5;44.0;0.0;27
16/07/2017 23:05:11;726.77;30.0;39.9;31.5;44.0;0.0;27
16/07/2017 23:05:18;724.91;30.0;39.9;31.5;44.0;0.0;27
16/07/2017 23:05:24;726.91;30.0;39.9;31.5;44.0;0.0;27
16/07/2017 23:05:31;724.98;30.0;39.9;31.5;44.0;0.0;27
16/07/2017 23:05:38;724.84;29.9;39.9;31.5;44.0;0.0;27
16/07/2017 23:05:44;718.68;29.9;39.8;31.5;44.0;0.0;27
16/07/2017 23:05:51;718.04;29.9;39.9;31.5;44.0;0.0;27
16/07/2017 23:05:59;720.83;29.9;39.9;31.5;44.0;0.0;27
16/07/2017 23:06:05;725.55;29.9;39.9;31.5;44.0;0.0;27
16/07/2017 23:06:12;724.55;29.9;39.9;31.5;44.0;0.0;27
16/07/2017 23:06:19;722.83;29.9;40.0;31.5;44.0;0.0;27
16/07/2017 23:06:25;719.97;29.8;40.0;31.5;44.0;0.0;27
16/07/2017 23:06:32;719.04;29.9;40.0;31.5;44.0;0.0;27
16/07/2017 23:06:39;721.47;29.9;40.0;31.5;44.0;0.0;27
16/07/2017 23:06:45;722.19;29.9;40.0;31.4;45.0;0.0;27
16/07/2017 23:06:52;720.76;29.9;40.0;31.4;45.0;0.0;27
16/07/2017 23:06:58;719.4;29.9;39.9;31.4;45.0;0.0;27
16/07/2017 23:07:05;720.54;29.8;39.9;31.4;45.0;0.0;27
16/07/2017 23:07:12;719.47;29.8;39.9;31.4;45.0;0.0;27
16/07/2017 23:07:18;719.61;29.8;39.9;31.4;45.0;0.0;27
16/07/2017 23:07:25;719.97;29.8;39.9;31.4;45.0;0.0;27
16/07/2017 23:07:32;721.26;29.8;39.9;31.4;45.0;0.0;27
16/07/2017 23:07:38;717.97;29.8;39.9;31.4;45.0;0.0;27
16/07/2017 23:07:46;719.33;29.8;39.8;31.4;45.0;0.0;27
16/07/2017 23:07:52;721.62;29.8;39.8;31.4;45.0;0.0;27
16/07/2017 23:07:59;722.33;29.8;39.9;31.4;45.0;0.0;27
16/07/2017 23:08:06;722.33;29.8;39.9;31.4;45.0;0.0;27
16/07/2017 23:08:12;720.47;29.8;39.9;31.4;45.0;0.0;27
16/07/2017 23:08:19;720.9;29.8;39.9;31.4;45.0;0.0;27
16/07/2017 23:08:25;721.55;29.8;39.8;31.4;45.0;0.0;27
16/07/2017 23:08:32;717.54;29.8;39.8;31.4;45.0;0.0;27
16/07/2017 23:08:39;721.4;29.8;39.8;31.4;45.0;0.0;27
16/07/2017 23:08:45;721.62;29.9;39.8;31.4;45.0;0.0;27
16/07/2017 23:08:52;723.26;29.9;39.8;31.4;45.0;0.0;27
16/07/2017 23:08:58;722.69;29.9;39.7;31.4;45.0;0.0;27
16/07/2017 23:09:05;722.12;29.9;39.7;31.4;45.0;0.0;27
16/07/2017 23:09:12;720.76;29.9;39.6;31.4;45.0;0.0;27
16/07/2017 23:09:18;720.47;29.9;39.6;31.4;45.0;0.0;27
16/07/2017 23:09:25;719.69;29.9;39.6;31.4;45.0;0.0;27
16/07/2017 23:09:32;722.12;29.9;39.6;31.4;45.0;0.0;27
16/07/2017 23:09:38;719.61;29.9;39.6;31.4;45.0;0.0;27
16/07/2017 23:09:45;719.61;29.9;39.6;31.4;45.0;0.0;27
16/07/2017 23:09:52;720.4;29.9;39.6;31.4;45.0;0.0;27
16/07/2017 23:09:58;719.61;29.9;39.6;31.4;45.0;0.0;27
16/07/2017 23:10:05;720.19;29.9;39.6;31.4;45.0;0.0;27
16/07/2017 23:10:11;717.25;29.9;39.5;31.4;45.0;0.0;27
16/07/2017 23:10:19;717.61;29.9;39.5;31.4;45.0;0.0;27
16/07/2017 23:10:26;718.11;29.9;39.5;31.4;45.0;0.0;27
16/07/2017 23:10:32;717.61;29.9;39.5;31.4;45.0;0.0;27
16/07/2017 23:10:39;718.11;29.9;39.5;31.4;45.0;0.0;27
16/07/2017 23:10:45;719.69;29.9;39.5;31.4;45.0;0.0;27
16/07/2017 23:10:52;716.18;29.9;39.4;31.4;45.0;0.0;27
16/07/2017 23:10:59;714.89;29.9;39.4;31.4;45.0;0.0;27
16/07/2017 23:11:05;717.11;30.0;39.4;31.4;45.0;0.0;27
16/07/2017 23:11:12;717.25;30.0;39.4;31.4;45.0;0.0;27
16/07/2017 23:11:18;718.25;30.0;39.4;31.4;45.0;0.0;27
16/07/2017 23:11:25;720.33;30.0;39.3;31.4;45.0;0.0;27
16/07/2017 23:11:32;719.9;30.0;39.3;31.4;45.0;0.0;27
16/07/2017 23:11:38;718.18;30.0;39.3;31.4;45.0;0.0;27
16/07/2017 23:11:45;716.54;30.0;39.3;31.2;45.0;0.0;27
16/07/2017 23:11:52;715.25;29.9;39.3;31.2;45.0;0.0;27
16/07/2017 23:11:58;715.89;30.0;39.3;31.2;45.0;0.0;27
16/07/2017 23:12:06;716.82;29.9;39.2;31.2;45.0;0.0;27
16/07/2017 23:12:13;716.32;29.9;39.3;31.2;45.0;0.0;27
16/07/2017 23:12:19;715.68;29.9;39.3;31.2;45.0;0.0;27
16/07/2017 23:12:26;715.97;29.9;39.3;31.2;45.0;0.0;27
16/07/2017 23:12:32;715.25;29.9;39.3;31.2;45.0;0.0;27
16/07/2017 23:12:39;716.61;29.9;39.3;31.2;45.0;0.0;27
16/07/2017 23:12:47;715.32;29.9;39.3;31.2;45.0;0.0;27
16/07/2017 23:12:53;716.04;29.9;39.3;31.2;45.0;0.0;27
16/07/2017 23:13:00;718.11;29.9;39.2;31.2;45.0;0.0;27
16/07/2017 23:13:06;718.61;29.9;39.2;31.2;45.0;0.0;27
16/07/2017 23:13:13;718.76;29.9;39.2;31.2;45.0;0.0;27
16/07/2017 23:13:20;719.9;29.9;39.2;31.2;45.0;0.0;27
16/07/2017 23:13:26;720.83;29.9;39.2;31.2;45.0;0.0;27
16/07/2017 23:13:33;718.18;29.9;39.2;31.2;45.0;0.0;27
16/07/2017 23:13:40;720.97;29.9;39.2;31.2;45.0;0.0;27
16/07/2017 23:13:46;717.83;29.9;39.1;31.2;45.0;0.0;27
16/07/2017 23:13:53;720.76;29.9;39.2;31.2;45.0;0.0;27
16/07/2017 23:14:00;719.47;29.9;39.1;31.2;45.0;0.0;27
16/07/2017 23:14:06;724.12;29.9;39.1;31.2;45.0;0.0;27
16/07/2017 23:14:13;720.19;29.9;39.1;31.2;45.0;0.0;27
16/07/2017 23:14:19;717.97;29.9;39.1;31.2;45.0;0.0;27
16/07/2017 23:14:26;719.26;29.9;39.1;31.2;45.0;0.0;27
16/07/2017 23:14:34;717.97;29.9;39.2;31.2;45.0;0.0;27
16/07/2017 23:14:40;718.76;29.9;39.2;31.2;45.0;0.0;27
16/07/2017 23:14:47;718.33;29.9;39.2;31.2;45.0;0.0;27
16/07/2017 23:14:54;715.75;29.9;39.2;31.2;45.0;0.0;27
16/07/2017 23:15:01;717.4;29.9;39.1;31.2;45.0;0.0;27
16/07/2017 23:15:08;717.04;29.9;39.1;31.2;45.0;0.0;27
16/07/2017 23:15:14;717.68;29.9;39.1;31.2;45.0;0.0;27
16/07/2017 23:15:21;718.4;29.9;39.1;31.2;45.0;0.0;27
16/07/2017 23:15:27;720.9;29.9;39.1;31.2;45.0;0.0;27
16/07/2017 23:15:34;721.33;29.9;39.1;31.2;45.0;0.0;27
16/07/2017 23:15:41;719.9;29.9;39.1;31.2;45.0;0.0;27
16/07/2017 23:15:47;721.26;29.9;39.1;31.2;45.0;0.0;27
16/07/2017 23:15:54;721.26;29.9;39.1;31.2;45.0;0.0;27
16/07/2017 23:16:01;720.97;29.9;39.1;31.2;45.0;0.0;27
16/07/2017 23:16:08;722.26;29.9;39.1;31.2;45.0;0.0;27
16/07/2017 23:16:14;719.54;29.9;39.1;31.2;45.0;0.0;27
16/07/2017 23:16:21;719.97;29.9;39.1;31.2;45.0;0.0;27
16/07/2017 23:16:28;719.97;29.9;39.1;31.2;45.0;0.0;27
16/07/2017 23:16:34;717.54;29.9;39.1;31.2;45.0;0.0;27
16/07/2017 23:16:41;717.54;29.9;39.0;31.2;45.0;0.0;27
16/07/2017 23:16:47;720.04;29.9;39.0;31.1;46.0;0.0;27
16/07/2017 23:16:54;720.9;29.9;39.0;31.1;46.0;0.0;27
16/07/2017 23:17:01;721.26;29.9;39.0;31.1;46.0;0.0;27
16/07/2017 23:17:07;721.55;29.9;38.9;31.1;46.0;0.0;27
16/07/2017 23:17:14;722.12;29.9;38.9;31.1;46.0;0.0;27
16/07/2017 23:17:21;722.33;29.9;38.9;31.1;46.0;0.0;27
16/07/2017 23:17:27;721.19;29.9;38.9;31.1;46.0;0.0;27
16/07/2017 23:17:34;718.76;29.9;38.9;31.1;46.0;0.0;27
16/07/2017 23:17:41;720.47;29.9;38.9;31.1;46.0;0.0;27
16/07/2017 23:17:47;718.54;29.9;38.9;31.1;46.0;0.0;27
16/07/2017 23:17:54;719.54;29.9;38.9;31.1;46.0;0.0;27
16/07/2017 23:18:01;718.33;29.9;38.9;31.1;46.0;0.0;27
16/07/2017 23:18:07;717.11;29.9;38.9;31.1;46.0;0.0;27
16/07/2017 23:18:14;717.4;29.9;38.9;31.1;46.0;0.0;27
16/07/2017 23:18:21;718.61;29.8;38.9;31.1;46.0;0.0;27
16/07/2017 23:18:27;718.76;29.8;38.8;31.1;46.0;0.0;27
16/07/2017 23:18:34;719.18;29.8;38.8;31.1;46.0;0.0;27
16/07/2017 23:18:41;716.54;29.8;38.8;31.1;46.0;0.0;27
16/07/2017 23:18:47;719.76;29.8;38.9;31.1;46.0;0.0;27
16/07/2017 23:18:54;718.97;29.8;38.8;31.1;46.0;0.0;27
16/07/2017 23:19:01;716.82;29.7;38.8;31.1;46.0;0.0;27
16/07/2017 23:19:08;719.33;29.7;38.8;31.1;46.0;0.0;27
16/07/2017 23:19:14;720.9;29.7;38.8;31.1;46.0;0.0;27
16/07/2017 23:19:22;721.33;29.7;38.9;31.1;46.0;0.0;27
16/07/2017 23:19:29;719.83;29.7;38.9;31.1;46.0;0.0;27
16/07/2017 23:19:35;719.76;29.8;38.9;31.1;46.0;0.0;27
16/07/2017 23:19:42;718.4;29.8;38.9;31.1;46.0;0.0;27
16/07/2017 23:19:48;719.83;29.8;38.9;31.1;46.0;0.0;27
16/07/2017 23:19:55;717.75;29.8;38.9;31.1;46.0;0.0;27
16/07/2017 23:20:02;720.83;29.8;38.9;31.1;46.0;0.0;27
16/07/2017 23:20:09;717.25;29.8;38.9;31.1;46.0;0.0;27
16/07/2017 23:20:15;718.76;29.7;38.9;31.1;46.0;0.0;27
16/07/2017 23:20:22;719.69;29.7;38.8;31.1;46.0;0.0;27
16/07/2017 23:20:29;720.19;29.7;38.8;31.1;46.0;0.0;27
16/07/2017 23:20:35;720.83;29.7;38.9;31.1;46.0;0.0;27
16/07/2017 23:20:42;718.83;29.8;38.9;31.1;46.0;0.0;27
16/07/2017 23:20:49;714.75;29.8;38.9;31.1;46.0;0.0;27
16/07/2017 23:20:56;715.68;29.8;38.8;31.1;46.0;0.0;27
16/07/2017 23:21:02;715.75;29.8;38.8;31.1;46.0;0.0;27
16/07/2017 23:21:09;715.18;29.8;38.8;31.1;46.0;0.0;27
16/07/2017 23:21:16;719.18;29.7;38.8;31.1;46.0;0.0;27
16/07/2017 23:21:22;715.11;29.7;38.8;31.1;46.0;0.0;27
16/07/2017 23:21:29;719.54;29.7;38.9;31.1;46.0;0.0;27
16/07/2017 23:21:36;716.18;29.7;38.9;31.1;46.0;0.0;27
16/07/2017 23:21:42;717.97;29.8;38.8;30.9;46.0;0.0;27
16/07/2017 23:21:49;716.04;29.8;38.8;30.9;46.0;0.0;27
16/07/2017 23:21:56;718.97;29.8;38.8;30.9;46.0;0.0;27
16/07/2017 23:22:02;718.4;29.8;38.8;30.9;46.0;0.0;27
16/07/2017 23:22:09;719.04;29.8;38.7;30.9;46.0;0.0;27
16/07/2017 23:22:15;713.68;29.8;38.7;30.9;46.0;0.0;27
16/07/2017 23:22:22;713.39;29.8;38.7;30.9;46.0;0.0;27
16/07/2017 23:22:29;716.4;29.8;38.6;30.9;46.0;0.0;27
16/07/2017 23:22:35;716.18;29.8;38.7;30.9;46.0;0.0;27
16/07/2017 23:22:42;717.25;29.8;38.6;30.9;46.0;0.0;27
16/07/2017 23:22:49;716.82;29.8;38.6;30.9;46.0;0.0;27
16/07/2017 23:22:55;719.76;29.8;38.6;30.9;46.0;0.0;27
16/07/2017 23:23:02;717.47;29.8;38.5;30.9;46.0;0.0;27
16/07/2017 23:23:09;719.9;29.8;38.5;30.9;46.0;0.0;27
16/07/2017 23:23:15;717.4;29.8;38.5;30.9;46.0;0.0;27
16/07/2017 23:23:22;716.97;29.9;38.5;30.9;46.0;0.0;27
16/07/2017 23:23:28;716.11;29.9;38.5;30.9;46.0;0.0;27
16/07/2017 23:23:35;717.9;29.9;38.4;30.9;46.0;0.0;27
16/07/2017 23:23:42;717.9;29.9;38.4;30.9;46.0;0.0;27
16/07/2017 23:23:48;716.11;29.9;38.4;30.9;46.0;0.0;27
16/07/2017 23:23:55;716.54;29.9;38.4;30.9;46.0;0.0;27
16/07/2017 23:24:02;715.47;29.8;38.4;30.9;46.0;0.0;27
16/07/2017 23:24:08;715.61;29.8;38.5;30.9;46.0;0.0;27
16/07/2017 23:24:15;713.32;29.8;38.5;30.9;46.0;0.0;27
16/07/2017 23:24:21;714.68;29.8;38.5;30.9;46.0;0.0;27
16/07/2017 23:24:28;712.6;29.7;38.6;30.9;46.0;0.0;27
16/07/2017 23:24:35;715.82;29.8;38.6;30.9;46.0;0.0;27
16/07/2017 23:24:41;713.89;29.7;38.6;30.9;46.0;0.0;27
16/07/2017 23:24:48;718.4;29.7;38.6;30.9;46.0;0.0;27
16/07/2017 23:24:55;714.32;29.7;38.6;30.9;46.0;0.0;27
16/07/2017 23:25:01;718.04;29.7;38.5;30.9;46.0;0.0;27
16/07/2017 23:25:08;716.61;29.7;38.5;30.9;46.0;0.0;27
16/07/2017 23:25:15;715.39;29.7;38.5;30.9;46.0;0.0;27
16/07/2017 23:25:21;715.82;29.7;38.5;30.9;46.0;0.0;27
16/07/2017 23:25:28;718.25;29.7;38.5;30.9;46.0;0.0;27
16/07/2017 23:25:35;715.61;29.8;38.4;30.9;46.0;0.0;27
16/07/2017 23:25:41;716.4;29.8;38.4;30.9;46.0;0.0;27
16/07/2017 23:25:48;715.32;29.8;38.4;30.9;46.0;0.0;27
16/07/2017 23:25:56;715.39;29.8;38.3;30.9;46.0;0.0;27
16/07/2017 23:26:02;715.61;29.8;38.4;30.9;46.0;0.0;27
16/07/2017 23:26:09;714.32;29.8;38.4;30.9;46.0;0.0;27
16/07/2017 23:26:15;715.47;29.9;38.3;30.9;46.0;0.0;27
16/07/2017 23:26:22;715.18;29.9;38.3;30.9;46.0;0.0;27
16/07/2017 23:26:29;713.75;29.9;38.3;30.9;46.0;0.0;27
16/07/2017 23:26:36;712.25;29.9;38.3;30.9;46.0;0.0;27
16/07/2017 23:26:43;712.25;29.9;38.3;30.9;46.0;0.0;27
16/07/2017 23:26:50;712.53;29.9;38.2;30.8;47.0;0.0;27
16/07/2017 23:26:58;713.46;29.9;38.2;30.8;47.0;0.0;27
16/07/2017 23:27:05;715.89;29.9;38.1;30.8;47.0;0.0;27
16/07/2017 23:27:11;711.67;29.9;38.1;30.8;47.0;0.0;27
16/07/2017 23:27:18;713.18;29.9;38.1;30.8;47.0;0.0;27
16/07/2017 23:27:25;713.1;29.9;38.1;30.8;47.0;0.0;27
16/07/2017 23:27:31;710.6;29.9;38.1;30.8;47.0;0.0;27
16/07/2017 23:27:38;713.89;30.0;38.1;30.8;47.0;0.0;27
16/07/2017 23:27:45;714.89;30.0;38.0;30.8;47.0;0.0;27
16/07/2017 23:27:51;713.1;30.0;38.0;30.8;47.0;0.0;27
16/07/2017 23:27:58;712.32;30.0;38.0;30.8;47.0;0.0;27
16/07/2017 23:28:04;714.25;30.0;38.0;30.8;47.0;0.0;27
16/07/2017 23:28:11;712.6;30.0;38.0;30.8;47.0;0.0;27
16/07/2017 23:28:18;714.25;30.0;38.0;30.8;47.0;0.0;27
16/07/2017 23:28:24;712.6;30.0;38.0;30.8;47.0;0.0;27
16/07/2017 23:28:32;712.6;30.1;38.0;30.8;47.0;0.0;27
16/07/2017 23:28:39;712.6;30.1;38.0;30.8;47.0;0.0;27
16/07/2017 23:28:45;715.47;30.1;38.0;30.8;47.0;0.0;27
16/07/2017 23:28:52;715.75;30.1;38.0;30.8;47.0;0.0;27
16/07/2017 23:28:59;715.47;30.1;38.0;30.8;47.0;0.0;27
16/07/2017 23:29:05;714.96;30.1;37.9;30.8;47.0;0.0;27
16/07/2017 23:29:12;712.25;30.0;37.9;30.8;47.0;0.0;27
16/07/2017 23:29:19;714.32;30.0;37.9;30.8;47.0;0.0;27
16/07/2017 23:29:25;710.96;30.1;37.9;30.8;47.0;0.0;27
16/07/2017 23:29:32;710.82;30.1;37.9;30.8;47.0;0.0;27
16/07/2017 23:29:41;713.39;30.1;37.9;30.8;47.0;0.0;27
16/07/2017 23:29:47;716.54;30.1;37.9;30.8;47.0;0.0;27
16/07/2017 23:29:54;715.68;30.1;37.9;30.8;47.0;0.0;27
16/07/2017 23:30:01;719.47;30.1;37.9;30.8;47.0;0.0;27
16/07/2017 23:30:07;721.4;30.1;37.9;30.8;47.0;0.0;27
16/07/2017 23:30:14;723.91;30.1;37.9;30.8;47.0;0.0;27
16/07/2017 23:30:21;726.69;30.0;37.9;30.8;47.0;0.0;27
16/07/2017 23:30:27;724.91;30.0;37.9;30.8;47.0;0.0;27
16/07/2017 23:30:34;725.84;30.0;37.9;30.8;47.0;0.0;27
16/07/2017 23:30:40;725.05;30.0;38.0;30.8;47.0;0.0;27
16/07/2017 23:30:47;724.98;30.0;38.0;30.8;47.0;0.0;27
16/07/2017 23:30:53;724.91;30.0;38.0;30.8;47.0;0.0;27
16/07/2017 23:31:00;729.56;30.1;38.0;30.8;47.0;0.0;27
16/07/2017 23:31:07;726.34;30.1;38.0;30.8;47.0;0.0;27
16/07/2017 23:31:13;728.77;30.1;38.0;30.8;47.0;0.0;27
16/07/2017 23:31:20;729.56;30.1;38.0;30.8;47.0;0.0;27
16/07/2017 23:31:28;726.34;30.0;38.0;30.8;47.0;0.0;27
16/07/2017 23:31:34;726.27;30.0;38.0;30.8;47.0;0.0;27
16/07/2017 23:31:41;727.62;30.0;38.1;30.8;47.0;0.0;27
16/07/2017 23:31:47;728.27;30.0;38.1;30.6;47.0;0.0;27
16/07/2017 23:31:54;729.84;30.0;38.1;30.6;47.0;0.0;27
16/07/2017 23:32:01;729.34;30.0;38.2;30.6;47.0;0.0;27
16/07/2017 23:32:07;728.2;30.0;38.2;30.6;47.0;0.0;27
16/07/2017 23:32:14;729.77;30.0;38.3;30.6;47.0;0.0;27
16/07/2017 23:32:21;732.56;30.0;38.3;30.6;47.0;0.0;27
16/07/2017 23:32:27;733.28;30.0;38.3;30.6;47.0;0.0;27
16/07/2017 23:32:34;734.21;30.0;38.3;30.6;47.0;0.0;27
16/07/2017 23:32:40;733.78;30.0;38.4;30.6;47.0;0.0;27
16/07/2017 23:32:47;734.35;30.0;38.4;30.6;47.0;0.0;27
16/07/2017 23:32:54;734.42;30.0;38.4;30.6;47.0;0.0;27
16/07/2017 23:33:01;731.84;30.0;38.4;30.6;47.0;0.0;27
16/07/2017 23:33:08;733.2;30.0;38.4;30.6;47.0;0.0;27
16/07/2017 23:33:15;730.99;29.9;38.4;30.6;47.0;0.0;27
16/07/2017 23:33:22;731.13;29.9;38.4;30.6;47.0;0.0;27
16/07/2017 23:33:28;733.35;29.9;38.4;30.6;47.0;0.0;27
16/07/2017 23:33:35;737.42;29.9;38.5;30.6;47.0;0.0;27
16/07/2017 23:33:41;734.21;29.9;38.5;30.6;47.0;0.0;27
16/07/2017 23:33:48;734.21;29.9;38.5;30.6;47.0;0.0;27
16/07/2017 23:33:56;732.42;29.9;38.6;30.6;47.0;0.0;27
16/07/2017 23:34:02;732.35;29.9;38.6;30.6;47.0;0.0;27
16/07/2017 23:34:09;732.56;29.8;38.6;30.6;47.0;0.0;27
16/07/2017 23:34:15;731.49;29.8;38.6;30.6;47.0;0.0;27
16/07/2017 23:34:22;731.99;29.8;38.6;30.6;47.0;0.0;27
16/07/2017 23:34:29;731.34;29.8;38.6;30.6;47.0;0.0;27
16/07/2017 23:34:35;729.98;29.8;38.6;30.6;47.0;0.0;27
16/07/2017 23:34:42;731.99;29.7;38.6;30.6;47.0;0.0;27
16/07/2017 23:34:48;732.42;29.7;38.6;30.6;47.0;0.0;27
16/07/2017 23:34:55;731.2;29.7;38.7;30.6;47.0;0.0;27
16/07/2017 23:35:02;732.2;29.7;38.8;30.6;47.0;0.0;27
16/07/2017 23:35:08;732.85;29.7;38.8;30.6;47.0;0.0;27
16/07/2017 23:35:15;735.42;29.6;38.9;30.6;47.0;0.0;27
16/07/2017 23:35:22;731.56;29.6;38.9;30.6;47.0;0.0;27
16/07/2017 23:35:28;730.77;29.6;39.0;30.6;47.0;0.0;27
16/07/2017 23:35:35;732.7;29.6;39.0;30.6;47.0;0.0;27
16/07/2017 23:35:43;732.35;29.6;39.0;30.6;47.0;0.0;27
16/07/2017 23:35:49;732.63;29.5;39.0;30.6;47.0;0.0;27
16/07/2017 23:35:56;730.27;29.5;39.1;30.6;47.0;0.0;27
16/07/2017 23:36:03;729.84;29.5;39.1;30.6;47.0;0.0;27
16/07/2017 23:36:09;731.84;29.5;39.1;30.6;47.0;0.0;27
16/07/2017 23:36:16;732.7;29.5;39.2;30.6;47.0;0.0;27
16/07/2017 23:36:23;734.06;29.5;39.2;30.6;47.0;0.0;27
16/07/2017 23:36:30;733.85;29.5;39.2;30.6;47.0;0.0;27
16/07/2017 23:36:36;732.42;29.5;39.2;30.6;47.0;0.0;27
16/07/2017 23:36:43;731.99;29.5;39.2;30.6;47.0;0.0;27
16/07/2017 23:36:50;732.56;29.5;39.2;30.4;47.0;0.0;27
16/07/2017 23:36:56;725.91;29.4;39.2;30.4;47.0;0.0;27
16/07/2017 23:37:03;726.69;29.4;39.2;30.4;47.0;0.0;27
16/07/2017 23:37:09;727.41;29.4;39.2;30.4;47.0;0.0;27
16/07/2017 23:37:16;730.2;29.5;39.2;30.4;47.0;0.0;27
16/07/2017 23:37:23;730.13;29.4;39.2;30.4;47.0;0.0;27
16/07/2017 23:37:30;734.92;29.4;39.3;30.4;47.0;0.0;27
16/07/2017 23:37:37;733.85;29.4;39.3;30.4;47.0;0.0;27
16/07/2017 23:37:44;731.63;29.4;39.3;30.4;47.0;0.0;27
16/07/2017 23:37:51;733.49;29.4;39.3;30.4;47.0;0.0;27
16/07/2017 23:37:58;728.77;29.4;39.3;30.4;47.0;0.0;27
16/07/2017 23:38:04;727.34;29.4;39.3;30.4;47.0;0.0;27
16/07/2017 23:38:12;731.2;29.5;39.3;30.4;47.0;0.0;27
16/07/2017 23:38:19;731.27;29.5;39.3;30.4;47.0;0.0;27
16/07/2017 23:38:25;730.7;29.5;39.2;30.4;47.0;0.0;27
16/07/2017 23:38:32;731.2;29.5;39.2;30.4;47.0;0.0;27
16/07/2017 23:38:39;731.34;29.5;39.2;30.4;47.0;0.0;27
16/07/2017 23:38:45;732.77;29.4;39.2;30.4;47.0;0.0;27
16/07/2017 23:38:52;730.41;29.4;39.2;30.4;47.0;0.0;27
16/07/2017 23:38:59;733.49;29.4;39.2;30.4;47.0;0.0;27
16/07/2017 23:39:05;734.56;29.4;39.2;30.4;47.0;0.0;27
16/07/2017 23:39:12;733.2;29.4;39.2;30.4;47.0;0.0;27
16/07/2017 23:39:19;733.06;29.4;39.2;30.4;47.0;0.0;27
16/07/2017 23:39:25;734.63;29.4;39.3;30.4;47.0;0.0;27
16/07/2017 23:39:32;733.06;29.4;39.3;30.4;47.0;0.0;27
16/07/2017 23:39:39;733.42;29.4;39.3;30.4;47.0;0.0;27
16/07/2017 23:39:45;732.13;29.4;39.3;30.4;47.0;0.0;27
16/07/2017 23:39:53;733.49;29.3;39.4;30.4;47.0;0.0;27
16/07/2017 23:40:00;729.2;29.3;39.4;30.4;47.0;0.0;27
16/07/2017 23:40:07;729.7;29.3;39.4;30.4;47.0;0.0;27
16/07/2017 23:40:13;729.63;29.3;39.4;30.4;47.0;0.0;27
16/07/2017 23:40:20;731.27;29.3;39.4;30.4;47.0;0.0;27
16/07/2017 23:40:27;733.35;29.3;39.5;30.4;47.0;0.0;27
16/07/2017 23:40:33;732.2;29.3;39.5;30.4;47.0;0.0;27
16/07/2017 23:40:40;735.13;29.3;39.5;30.4;47.0;0.0;27
16/07/2017 23:40:46;736.14;29.3;39.5;30.4;47.0;0.0;27
16/07/2017 23:40:53;732.2;29.2;39.5;30.4;47.0;0.0;27
16/07/2017 23:41:00;733.06;29.2;39.5;30.4;47.0;0.0;27
16/07/2017 23:41:06;731.7;29.2;39.6;30.4;47.0;0.0;27
16/07/2017 23:41:13;731.92;29.2;39.6;30.4;47.0;0.0;27
16/07/2017 23:41:19;731.7;29.2;39.6;30.4;47.0;0.0;27
16/07/2017 23:41:26;730.2;29.2;39.6;30.4;47.0;0.0;27
16/07/2017 23:41:33;730.63;29.3;39.6;30.4;47.0;0.0;27
16/07/2017 23:41:39;730.63;29.3;39.6;30.4;47.0;0.0;27
16/07/2017 23:41:46;730.84;29.3;39.6;30.4;48.0;0.0;27
16/07/2017 23:41:52;732.56;29.3;39.6;30.4;48.0;0.0;27
16/07/2017 23:42:00;732.56;29.3;39.6;30.4;48.0;0.0;27
16/07/2017 23:42:07;733.13;29.3;39.6;30.4;48.0;0.0;27
16/07/2017 23:42:13;733.2;29.3;39.6;30.4;48.0;0.0;27
16/07/2017 23:42:20;736.06;29.3;39.5;30.4;48.0;0.0;27
16/07/2017 23:42:27;735.28;29.3;39.5;30.4;48.0;0.0;27
16/07/2017 23:42:33;733.2;29.3;39.5;30.4;48.0;0.0;27
16/07/2017 23:42:40;732.77;29.3;39.5;30.4;48.0;0.0;27
16/07/2017 23:42:47;732.2;29.3;39.5;30.4;48.0;0.0;27
16/07/2017 23:42:53;732.77;29.3;39.5;30.4;48.0;0.0;27
16/07/2017 23:43:00;733.35;29.3;39.5;30.4;48.0;0.0;27
16/07/2017 23:43:07;733.13;29.3;39.5;30.4;48.0;0.0;27
16/07/2017 23:43:13;733.49;29.2;39.5;30.4;48.0;0.0;27
16/07/2017 23:43:20;734.99;29.2;39.5;30.4;48.0;0.0;27
16/07/2017 23:43:27;735.78;29.2;39.5;30.4;48.0;0.0;27
16/07/2017 23:43:33;736.85;29.2;39.5;30.4;48.0;0.0;27
16/07/2017 23:43:40;737.28;29.2;39.5;30.4;48.0;0.0;27
16/07/2017 23:43:46;736.99;29.1;39.6;30.4;48.0;0.0;27
16/07/2017 23:43:53;737.92;29.1;39.6;30.4;48.0;0.0;27
16/07/2017 23:44:00;738.21;29.1;39.6;30.4;48.0;0.0;27
16/07/2017 23:44:07;736.71;29.1;39.7;30.4;48.0;0.0;27
16/07/2017 23:44:13;735.42;29.1;39.7;30.4;48.0;0.0;27
16/07/2017 23:44:20;736.21;29.1;39.7;30.4;48.0;0.0;27
16/07/2017 23:44:27;735.78;29.1;39.7;30.4;48.0;0.0;27
16/07/2017 23:44:33;734.49;29.1;39.8;30.4;48.0;0.0;27
16/07/2017 23:44:40;733.78;29.1;39.8;30.4;48.0;0.0;27
16/07/2017 23:44:47;734.42;29.1;39.8;30.4;48.0;0.0;27
16/07/2017 23:44:53;734.49;29.1;39.8;30.4;48.0;0.0;27
16/07/2017 23:45:00;733.49;29.1;39.8;30.4;48.0;0.0;27
16/07/2017 23:45:07;733.85;29.1;39.8;30.4;48.0;0.0;27
16/07/2017 23:45:14;733.7;29.1;39.8;30.4;48.0;0.0;27
16/07/2017 23:45:21;733.56;29.0;39.8;30.4;48.0;0.0;27
16/07/2017 23:45:27;732.77;29.1;39.8;30.4;48.0;0.0;27
16/07/2017 23:45:34;732.42;29.0;39.8;30.4;48.0;0.0;27
16/07/2017 23:45:41;731.92;29.0;39.9;30.4;48.0;0.0;27
16/07/2017 23:45:47;730.63;29.0;39.8;30.4;48.0;0.0;27
16/07/2017 23:45:54;730.41;29.0;39.9;30.4;48.0;0.0;27
16/07/2017 23:46:01;732.06;29.0;39.8;30.4;48.0;0.0;27
16/07/2017 23:46:07;734.42;29.0;39.8;30.4;48.0;0.0;27
16/07/2017 23:46:14;736.49;29.1;39.8;30.4;48.0;0.0;27
16/07/2017 23:46:28;735.99;29.1;39.9;30.4;48.0;0.0;27
16/07/2017 23:46:35;735.92;29.1;39.9;30.4;48.0;0.0;27
16/07/2017 23:46:41;736.92;29.1;39.9;30.4;48.0;0.0;27
16/07/2017 23:46:48;735.42;29.1;39.9;30.3;48.0;0.0;27
16/07/2017 23:46:55;735.78;29.1;39.9;30.3;48.0;0.0;27
16/07/2017 23:47:01;735.49;29.1;39.9;30.3;48.0;0.0;27
16/07/2017 23:47:08;732.7;29.1;39.9;30.3;48.0;0.0;27
16/07/2017 23:47:15;732.7;29.1;39.9;30.3;48.0;0.0;27
16/07/2017 23:47:22;730.99;29.1;39.9;30.3;48.0;0.0;27
16/07/2017 23:47:28;730.27;29.1;40.0;30.3;48.0;0.0;27
16/07/2017 23:47:35;730.7;29.1;40.0;30.3;48.0;0.0;27
16/07/2017 23:47:41;732.06;29.1;40.0;30.3;48.0;0.0;27
16/07/2017 23:47:48;731.7;29.0;40.0;30.3;48.0;0.0;27
16/07/2017 23:47:55;732.63;29.0;40.0;30.3;48.0;0.0;27
16/07/2017 23:48:01;732.35;29.0;40.0;30.3;48.0;0.0;27
16/07/2017 23:48:08;733.42;29.1;40.0;30.3;48.0;0.0;27
16/07/2017 23:48:15;733.42;29.1;40.0;30.3;48.0;0.0;27
16/07/2017 23:48:21;732.42;29.1;40.0;30.3;48.0;0.0;27
16/07/2017 23:48:28;731.92;29.1;40.0;30.3;48.0;0.0;27
16/07/2017 23:48:35;731.42;29.1;39.9;30.3;48.0;0.0;27
16/07/2017 23:48:41;732.35;29.1;39.9;30.3;48.0;0.0;27
16/07/2017 23:48:48;733.35;29.1;39.9;30.3;48.0;0.0;27
16/07/2017 23:48:55;732.85;29.1;39.9;30.3;48.0;0.0;27
16/07/2017 23:49:02;732.2;29.2;39.9;30.3;48.0;0.0;27
16/07/2017 23:49:08;732.56;29.2;39.8;30.3;48.0;0.0;27
16/07/2017 23:49:15;733.2;29.2;39.7;30.3;48.0;0.0;27
16/07/2017 23:49:22;733.42;29.2;39.7;30.3;48.0;0.0;27
16/07/2017 23:49:28;732.85;29.2;39.7;30.3;48.0;0.0;27
16/07/2017 23:49:35;732.92;29.2;39.7;30.3;48.0;0.0;27
16/07/2017 23:49:41;734.42;29.2;39.7;30.3;48.0;0.0;27
16/07/2017 23:49:48;733.78;29.2;39.7;30.3;48.0;0.0;27
16/07/2017 23:49:55;733.85;29.2;39.8;30.3;48.0;0.0;27
16/07/2017 23:50:01;734.99;29.2;39.8;30.3;48.0;0.0;27
16/07/2017 23:50:08;735.64;29.2;39.8;30.3;48.0;0.0;27
16/07/2017 23:50:15;735.42;29.2;39.8;30.3;48.0;0.0;27
16/07/2017 23:50:21;735.21;29.2;39.8;30.3;48.0;0.0;27
16/07/2017 23:50:28;735.28;29.2;39.8;30.3;48.0;0.0;27
16/07/2017 23:50:35;733.2;29.2;39.8;30.3;48.0;0.0;27
16/07/2017 23:50:41;733.28;29.2;39.8;30.3;48.0;0.0;27
16/07/2017 23:50:48;733.28;29.2;39.8;30.3;48.0;0.0;27
16/07/2017 23:50:56;732.27;29.3;39.8;30.3;48.0;0.0;27
16/07/2017 23:51:02;733.78;29.3;39.8;30.3;48.0;0.0;27
16/07/2017 23:51:09;732.42;29.3;39.7;30.3;48.0;0.0;27
16/07/2017 23:51:16;733.63;29.3;39.7;30.3;48.0;0.0;27
16/07/2017 23:51:22;732.63;29.3;39.7;30.3;48.0;0.0;27
16/07/2017 23:51:29;732.7;29.3;39.7;30.3;48.0;0.0;27
16/07/2017 23:51:36;732.85;29.3;39.7;30.3;48.0;0.0;27
16/07/2017 23:51:43;734.06;29.3;39.7;30.3;48.0;0.0;27
16/07/2017 23:51:50;734.35;29.3;39.7;30.3;48.0;0.0;27
16/07/2017 23:51:57;734.35;29.3;39.7;30.3;48.0;0.0;27
16/07/2017 23:52:05;734.63;29.3;39.7;30.3;48.0;0.0;27
16/07/2017 23:52:12;735.78;29.3;39.8;30.3;48.0;0.0;27
16/07/2017 23:52:18;735.49;29.3;39.7;30.3;48.0;0.0;27
16/07/2017 23:52:26;736.78;29.2;39.8;30.3;48.0;0.0;27
16/07/2017 23:52:33;735.71;29.2;39.8;30.3;48.0;0.0;27
16/07/2017 23:52:39;735.28;29.2;39.8;30.3;48.0;0.0;27
16/07/2017 23:52:46;733.35;29.2;39.8;30.3;48.0;0.0;27
16/07/2017 23:52:52;733.2;29.2;39.8;30.3;48.0;0.0;27
16/07/2017 23:52:59;734.71;29.3;39.8;30.3;48.0;0.0;27
16/07/2017 23:53:06;733.2;29.3;39.8;30.3;48.0;0.0;27
16/07/2017 23:53:12;731.27;29.4;39.8;30.3;48.0;0.0;27
16/07/2017 23:53:19;731.77;29.4;39.8;30.3;48.0;0.0;27
16/07/2017 23:53:25;731.92;29.4;39.7;30.3;48.0;0.0;27
16/07/2017 23:53:32;734.06;29.4;39.6;30.3;48.0;0.0;27
16/07/2017 23:53:38;732.27;29.4;39.6;30.3;48.0;0.0;27
16/07/2017 23:53:45;734.78;29.4;39.6;30.3;48.0;0.0;27
16/07/2017 23:53:52;731.34;29.4;39.6;30.3;48.0;0.0;27
16/07/2017 23:53:58;732.92;29.4;39.6;30.3;48.0;0.0;27
16/07/2017 23:54:05;730.56;29.4;39.7;30.3;48.0;0.0;27
16/07/2017 23:54:12;730.99;29.4;39.7;30.3;48.0;0.0;27
16/07/2017 23:54:18;729.2;29.4;39.7;30.3;48.0;0.0;27
16/07/2017 23:54:25;730.41;29.4;39.6;30.3;48.0;0.0;27
16/07/2017 23:54:32;725.77;29.4;39.7;30.3;48.0;0.0;27
16/07/2017 23:54:40;724.98;29.4;39.6;30.3;48.0;0.0;27
16/07/2017 23:54:46;722.47;29.4;39.7;30.3;48.0;0.0;27
16/07/2017 23:54:53;724.26;29.4;39.6;30.3;48.0;0.0;27
16/07/2017 23:54:59;721.69;29.4;39.6;30.3;48.0;0.0;27
16/07/2017 23:55:06;720.4;29.4;39.5;30.3;48.0;0.0;27
16/07/2017 23:55:13;719.61;29.5;39.4;30.3;48.0;0.0;27
16/07/2017 23:55:20;719.97;29.5;39.4;30.3;48.0;0.0;27
16/07/2017 23:55:28;724.41;29.5;39.3;30.3;48.0;0.0;27
16/07/2017 23:55:35;724.62;29.5;39.3;30.3;48.0;0.0;27
16/07/2017 23:55:41;729.34;29.5;39.3;30.3;48.0;0.0;27
16/07/2017 23:55:48;729.98;29.5;39.3;30.3;48.0;0.0;27
16/07/2017 23:55:55;729.2;29.5;39.3;30.3;48.0;0.0;27
16/07/2017 23:56:02;729.2;29.5;39.3;30.3;48.0;0.0;27
16/07/2017 23:56:08;729.7;29.5;39.2;30.3;48.0;0.0;27
16/07/2017 23:56:15;730.2;29.5;39.3;30.3;48.0;0.0;27
16/07/2017 23:56:22;729.27;29.5;39.2;30.3;48.0;0.0;27
16/07/2017 23:56:29;730.56;29.5;39.2;30.3;48.0;0.0;27
16/07/2017 23:56:36;729.56;29.5;39.3;30.3;48.0;0.0;27
16/07/2017 23:56:42;729.13;29.6;39.3;30.3;48.0;0.0;27
16/07/2017 23:56:49;728.2;29.6;39.3;30.2;48.0;0.0;27
16/07/2017 23:56:56;728.48;29.6;39.2;30.2;48.0;0.0;27
16/07/2017 23:57:02;728.13;29.6;39.2;30.2;48.0;0.0;27
16/07/2017 23:57:09;729.48;29.5;39.2;30.2;48.0;0.0;27
16/07/2017 23:57:16;729.34;29.5;39.2;30.2;48.0;0.0;27
16/07/2017 23:57:23;730.56;29.5;39.2;30.2;48.0;0.0;27
16/07/2017 23:57:30;731.34;29.5;39.2;30.2;48.0;0.0;27
16/07/2017 23:57:37;730.91;29.5;39.2;30.2;48.0;0.0;27
16/07/2017 23:57:43;731.84;29.5;39.2;30.2;48.0;0.0;27
16/07/2017 23:57:50;729.84;29.5;39.2;30.2;48.0;0.0;27
16/07/2017 23:57:57;729.98;29.5;39.3;30.2;48.0;0.0;27
16/07/2017 23:58:04;729.34;29.5;39.3;30.2;48.0;0.0;27
16/07/2017 23:58:10;727.2;29.5;39.3;30.2;48.0;0.0;27
16/07/2017 23:58:17;728.2;29.4;39.3;30.2;48.0;0.0;27
16/07/2017 23:58:23;727.55;29.4;39.4;30.2;48.0;0.0;27
16/07/2017 23:58:30;728.27;29.4;39.3;30.2;48.0;0.0;27
16/07/2017 23:58:37;729.27;29.4;39.4;30.2;48.0;0.0;27
16/07/2017 23:58:44;730.56;29.5;39.4;30.2;48.0;0.0;27
16/07/2017 23:58:50;731.13;29.4;39.4;30.2;48.0;0.0;27
16/07/2017 23:58:57;732.42;29.5;39.6;30.2;48.0;0.0;27
16/07/2017 23:59:03;732.85;29.4;39.6;30.2;48.0;0.0;27
16/07/2017 23:59:11;736.57;29.5;39.6;30.2;48.0;0.0;27
16/07/2017 23:59:18;737.14;29.5;39.6;30.2;48.0;0.0;27
16/07/2017 23:59:24;737.57;29.5;39.5;30.2;48.0;0.0;27
16/07/2017 23:59:31;735.13;29.5;39.6;30.2;48.0;0.0;27
16/07/2017 23:59:38;736.21;29.5;39.6;30.2;48.0;0.0;27
16/07/2017 23:59:44;738.0;29.5;39.7;30.2;48.0;0.0;27
16/07/2017 23:59:51;736.42;29.5;39.7;30.2;48.0;0.0;27
16/07/2017 23:59:58;737.78;29.5;39.8;30.2;48.0;0.0;27
